variant_id,family,test_type,observe_cost,always_try_net,always_observe_net,oracle_selective_net,oracle_minus_always_observe,always_observe_minus_always_try,positive_net_rate,mean_true_E_positive,mean_true_E_nonpositive,level1_policy_net,level2_policy_net,level3_policy_net,best_level,best_level_net,best_level_delta_vs_always_observe,level1_sign_correct_rate,level2_sign_correct_rate,level3_sign_correct_rate,level1_corr,level2_corr,level3_corr,fallback_rate_best_level,passes_primary_criteria,rejection_reason
A0_original,A,A,0.03,0.250000,0.420000,0.430000,0.010000,0.170000,0.666667,0.270000,-0.030000,0.420000,0.420000,0.420000,level1,0.420000,0.000000,0.666667,0.666667,0.666667,-1.000000,-1.000000,0.000000,0.000000,False,oracle_gap_lt_0.03;positive_rate_too_high;nonpositive_not_negative_enough;sign_correct_not_enough;best_level_does_not_beat_always_observe
A0_original,A,B,0.03,0.250000,0.420000,0.430000,0.010000,0.170000,0.666667,0.270000,-0.030000,0.420000,0.420000,0.420000,level1,0.420000,0.000000,0.666667,0.666667,0.666667,-1.000000,-1.000000,0.000000,0.000000,False,oracle_gap_lt_0.03;positive_rate_too_high;nonpositive_not_negative_enough;sign_correct_not_enough;best_level_does_not_beat_always_observe
A0_original,A,C,0.03,0.250000,0.420000,0.430000,0.010000,0.170000,0.666667,0.270000,-0.030000,0.420000,0.420000,0.420000,level1,0.420000,0.000000,0.666667,0.666667,0.666667,0.993859,0.792033,0.000000,0.000000,False,oracle_gap_lt_0.03;positive_rate_too_high;nonpositive_not_negative_enough;sign_correct_not_enough;best_level_does_not_beat_always_observe
A0_original,A,A,0.05,0.250000,0.400000,0.416667,0.016667,0.150000,0.666667,0.250000,-0.050000,0.400000,0.400000,0.400000,level1,0.400000,0.000000,0.666667,0.666667,0.666667,-1.000000,-1.000000,0.000000,0.000000,False,oracle_gap_lt_0.03;positive_rate_too_high;nonpositive_not_negative_enough;sign_correct_not_enough;best_level_does_not_beat_always_observe
A0_original,A,B,0.05,0.250000,0.400000,0.416667,0.016667,0.150000,0.666667,0.250000,-0.050000,0.400000,0.400000,0.400000,level1,0.400000,0.000000,0.666667,0.666667,0.666667,-1.000000,-1.000000,0.000000,0.000000,False,oracle_gap_lt_0.03;positive_rate_too_high;nonpositive_not_negative_enough;sign_correct_not_enough;best_level_does_not_beat_always_observe
A0_original,A,C,0.05,0.250000,0.400000,0.416667,0.016667,0.150000,0.666667,0.250000,-0.050000,0.400000,0.400000,0.400000,level1,0.400000,0.000000,0.666667,0.666667,0.666667,0.993859,0.792033,0.000000,0.000000,False,oracle_gap_lt_0.03;positive_rate_too_high;nonpositive_not_negative_enough;sign_correct_not_enough;best_level_does_not_beat_always_observe
A0_original,A,A,0.07,0.250000,0.380000,0.403333,0.023333,0.130000,0.666667,0.230000,-0.070000,0.380000,0.380000,0.380000,level1,0.380000,0.000000,0.666667,0.666667,0.666667,-1.000000,-1.000000,0.000000,0.000000,False,oracle_gap_lt_0.03;positive_rate_too_high;sign_correct_not_enough;best_level_does_not_beat_always_observe
A0_original,A,B,0.07,0.250000,0.380000,0.403333,0.023333,0.130000,0.666667,0.230000,-0.070000,0.380000,0.380000,0.380000,level1,0.380000,0.000000,0.666667,0.666667,0.666667,-1.000000,-1.000000,0.000000,0.000000,False,oracle_gap_lt_0.03;positive_rate_too_high;sign_correct_not_enough;best_level_does_not_beat_always_observe
A0_original,A,C,0.07,0.250000,0.380000,0.403333,0.023333,0.130000,0.666667,0.230000,-0.070000,0.380000,0.380000,0.380000,level1,0.380000,0.000000,0.666667,0.666667,0.666667,0.993859,0.792033,0.000000,0.000000,False,oracle_gap_lt_0.03;positive_rate_too_high;sign_correct_not_enough;best_level_does_not_beat_always_observe
A0_original,A,A,0.10,0.250000,0.350000,0.383333,0.033333,0.100000,0.666667,0.200000,-0.100000,0.350000,0.350000,0.350000,level1,0.350000,0.000000,0.666667,0.666667,0.666667,-1.000000,-1.000000,0.000000,0.000000,False,positive_rate_too_high;sign_correct_not_enough;best_level_does_not_beat_always_observe
A0_original,A,B,0.10,0.250000,0.350000,0.383333,0.033333,0.100000,0.666667,0.200000,-0.100000,0.350000,0.350000,0.350000,level1,0.350000,0.000000,0.666667,0.666667,0.666667,-1.000000,-1.000000,0.000000,0.000000,False,positive_rate_too_high;sign_correct_not_enough;best_level_does_not_beat_always_observe
A0_original,A,C,0.10,0.250000,0.350000,0.383333,0.033333,0.100000,0.666667,0.200000,-0.100000,0.350000,0.358333,0.350000,level2,0.358333,0.008333,0.666667,0.750000,0.666667,0.993859,0.792033,0.000000,0.000000,False,positive_rate_too_high
A0_original,A,A,0.12,0.250000,0.330000,0.370000,0.040000,0.080000,0.666667,0.180000,-0.120000,0.330000,0.330000,0.330000,level1,0.330000,0.000000,0.666667,0.666667,0.666667,-1.000000,-1.000000,0.000000,0.000000,False,positive_rate_too_high;sign_correct_not_enough;best_level_does_not_beat_always_observe
A0_original,A,B,0.12,0.250000,0.330000,0.370000,0.040000,0.080000,0.666667,0.180000,-0.120000,0.330000,0.330000,0.330000,level1,0.330000,0.000000,0.666667,0.666667,0.666667,-1.000000,-1.000000,0.000000,0.000000,False,positive_rate_too_high;sign_correct_not_enough;best_level_does_not_beat_always_observe
A0_original,A,C,0.12,0.250000,0.330000,0.370000,0.040000,0.080000,0.666667,0.180000,-0.120000,0.330000,0.340000,0.330000,level2,0.340000,0.010000,0.666667,0.750000,0.666667,0.993859,0.792033,0.000000,0.000000,False,positive_rate_too_high
A0_original,A,A,0.15,0.250000,0.300000,0.350000,0.050000,0.050000,0.666667,0.150000,-0.150000,0.300000,0.250000,0.300000,level1,0.300000,0.000000,0.666667,0.333333,0.666667,-1.000000,-1.000000,0.000000,0.000000,False,positive_rate_too_high;sign_correct_not_enough;best_level_does_not_beat_always_observe
A0_original,A,B,0.15,0.250000,0.300000,0.350000,0.050000,0.050000,0.666667,0.150000,-0.150000,0.300000,0.200000,0.300000,level1,0.300000,0.000000,0.666667,0.000000,0.666667,-1.000000,-1.000000,0.000000,0.000000,False,positive_rate_too_high;sign_correct_not_enough;best_level_does_not_beat_always_observe
A0_original,A,C,0.15,0.250000,0.300000,0.350000,0.050000,0.050000,0.666667,0.150000,-0.150000,0.300000,0.312500,0.300000,level2,0.312500,0.012500,0.666667,0.750000,0.666667,0.993859,0.792033,0.000000,0.000000,False,positive_rate_too_high
A1_current_cov0.25,A,A,0.03,0.220000,0.373333,0.398444,0.025111,0.153333,0.922222,0.194535,-0.345000,0.373333,0.373333,0.373333,level1,0.373333,0.000000,0.922222,0.922222,0.922222,-0.317136,-0.317136,0.000000,0.000000,False,oracle_gap_lt_0.03;positive_rate_too_high;best_level_does_not_beat_always_observe
A1_current_cov0.25,A,B,0.03,0.230000,0.380000,0.402667,0.022667,0.150000,0.933333,0.185795,-0.360000,0.380000,0.380000,0.380000,level1,0.380000,0.000000,0.933333,0.933333,0.933333,-0.337372,-0.337372,0.000000,0.000000,False,oracle_gap_lt_0.03;positive_rate_too_high;best_level_does_not_beat_always_observe
A1_current_cov0.25,A,C,0.03,0.240000,0.373333,0.402833,0.029500,0.133333,0.738889,0.221332,-0.120048,0.373333,0.373333,0.373333,level1,0.373333,0.000000,0.738889,0.738889,0.738889,-0.117636,-0.010740,-0.224235,0.000000,False,oracle_gap_lt_0.03;positive_rate_too_high;best_level_does_not_beat_always_observe
A1_current_cov0.25,A,A,0.05,0.220000,0.353333,0.380000,0.026667,0.133333,0.922222,0.174535,-0.365000,0.353333,0.353333,0.353333,level1,0.353333,0.000000,0.922222,0.922222,0.922222,-0.317136,-0.317136,0.000000,0.000000,False,oracle_gap_lt_0.03;positive_rate_too_high;best_level_does_not_beat_always_observe
A1_current_cov0.25,A,B,0.05,0.230000,0.360000,0.384000,0.024000,0.130000,0.933333,0.165795,-0.380000,0.360000,0.360000,0.360000,level1,0.360000,0.000000,0.933333,0.933333,0.933333,-0.337372,-0.337372,0.000000,0.000000,False,oracle_gap_lt_0.03;positive_rate_too_high;best_level_does_not_beat_always_observe
A1_current_cov0.25,A,C,0.05,0.240000,0.353333,0.388056,0.034722,0.113333,0.738889,0.201332,-0.140048,0.353333,0.353333,0.353333,level1,0.353333,0.000000,0.738889,0.738889,0.738889,-0.117636,-0.010740,-0.224235,0.000000,False,positive_rate_too_high;best_level_does_not_beat_always_observe
A1_current_cov0.25,A,A,0.07,0.220000,0.333333,0.361556,0.028222,0.113333,0.922222,0.154535,-0.385000,0.333333,0.333333,0.333333,level1,0.333333,0.000000,0.922222,0.922222,0.922222,-0.317136,-0.317136,0.000000,0.000000,False,oracle_gap_lt_0.03;positive_rate_too_high;best_level_does_not_beat_always_observe
A1_current_cov0.25,A,B,0.07,0.230000,0.340000,0.365333,0.025333,0.110000,0.933333,0.145795,-0.400000,0.340000,0.340000,0.340000,level1,0.340000,0.000000,0.933333,0.933333,0.933333,-0.337372,-0.337372,0.000000,0.000000,False,oracle_gap_lt_0.03;positive_rate_too_high;best_level_does_not_beat_always_observe
A1_current_cov0.25,A,C,0.07,0.240000,0.333333,0.373278,0.039944,0.093333,0.738889,0.181332,-0.160048,0.333333,0.333333,0.333333,level1,0.333333,0.000000,0.738889,0.738889,0.738889,-0.117636,-0.010740,-0.224235,0.000000,False,positive_rate_too_high;best_level_does_not_beat_always_observe
A1_current_cov0.25,A,A,0.10,0.220000,0.303333,0.333889,0.030556,0.083333,0.922222,0.124535,-0.415000,0.303333,0.303333,0.303333,level1,0.303333,0.000000,0.922222,0.922222,0.922222,-0.317136,-0.317136,0.000000,0.000000,False,positive_rate_too_high;best_level_does_not_beat_always_observe
A1_current_cov0.25,A,B,0.10,0.230000,0.310000,0.337333,0.027333,0.080000,0.933333,0.115795,-0.430000,0.310000,0.310000,0.310000,level1,0.310000,0.000000,0.933333,0.933333,0.933333,-0.337372,-0.337372,0.000000,0.000000,False,oracle_gap_lt_0.03;positive_rate_too_high;best_level_does_not_beat_always_observe
A1_current_cov0.25,A,C,0.10,0.240000,0.303333,0.351111,0.047778,0.063333,0.705556,0.163604,-0.182333,0.303333,0.303333,0.303333,level1,0.303333,0.000000,0.705556,0.705556,0.705556,-0.117636,-0.010740,-0.224235,0.000000,False,positive_rate_too_high;best_level_does_not_beat_always_observe
A1_current_cov0.25,A,A,0.12,0.220000,0.283333,0.315444,0.032111,0.063333,0.588889,0.165000,-0.074422,0.283333,0.283333,0.283333,level1,0.283333,0.000000,0.588889,0.588889,0.588889,-0.317136,-0.317136,0.000000,0.000000,False,sign_correct_not_enough;best_level_does_not_beat_always_observe
A1_current_cov0.25,A,B,0.12,0.230000,0.290000,0.318667,0.028667,0.060000,0.600000,0.150000,-0.067500,0.290000,0.290000,0.290000,level1,0.290000,0.000000,0.600000,0.600000,0.600000,-0.337372,-0.337372,0.000000,0.000000,False,oracle_gap_lt_0.03;positive_rate_too_high;sign_correct_not_enough;best_level_does_not_beat_always_observe
A1_current_cov0.25,A,C,0.12,0.240000,0.283333,0.337000,0.053667,0.043333,0.705556,0.143604,-0.202333,0.283333,0.282000,0.283333,level1,0.283333,0.000000,0.705556,0.688889,0.705556,-0.117636,-0.010740,-0.224235,0.000000,False,positive_rate_too_high;best_level_does_not_beat_always_observe
A1_current_cov0.25,A,A,0.15,0.220000,0.253333,0.297778,0.044444,0.033333,0.588889,0.135000,-0.104422,0.253333,0.253333,0.253333,level1,0.253333,0.000000,0.588889,0.588889,0.588889,-0.317136,-0.317136,0.000000,0.000000,False,sign_correct_not_enough;best_level_does_not_beat_always_observe
A1_current_cov0.25,A,B,0.15,0.230000,0.260000,0.300667,0.040667,0.030000,0.600000,0.120000,-0.097500,0.260000,0.260000,0.260000,level1,0.260000,0.000000,0.600000,0.600000,0.600000,-0.337372,-0.337372,0.000000,0.000000,False,positive_rate_too_high;sign_correct_not_enough;best_level_does_not_beat_always_observe
A1_current_cov0.25,A,C,0.15,0.240000,0.253333,0.315833,0.062500,0.013333,0.705556,0.113604,-0.232333,0.250833,0.249167,0.253333,level3,0.253333,0.000000,0.655556,0.622222,0.705556,-0.117636,-0.010740,-0.224235,0.000000,False,positive_rate_too_high;best_level_does_not_beat_always_observe
A2_current_cov0.50,A,A,0.03,0.153333,0.303333,0.366389,0.063056,0.150000,0.805556,0.264583,-0.325000,0.303333,0.303333,0.303333,level1,0.303333,0.000000,0.805556,0.805556,0.805556,-0.302837,-0.302837,0.000000,0.000000,False,positive_rate_too_high;best_level_does_not_beat_always_observe
A2_current_cov0.50,A,B,0.03,0.150000,0.300000,0.364000,0.064000,0.150000,0.800000,0.267500,-0.320000,0.300000,0.300000,0.300000,level1,0.300000,0.000000,0.800000,0.800000,0.800000,-0.300257,-0.300257,0.000000,0.000000,False,positive_rate_too_high;best_level_does_not_beat_always_observe
A2_current_cov0.50,A,C,0.03,0.210000,0.303333,0.366111,0.062778,0.093333,0.722222,0.216735,-0.231944,0.303333,0.303333,0.303333,level1,0.303333,0.000000,0.722222,0.722222,0.722222,0.084206,0.076264,-0.051681,0.000000,False,positive_rate_too_high;best_level_does_not_beat_always_observe
A2_current_cov0.50,A,A,0.05,0.153333,0.283333,0.350278,0.066944,0.130000,0.805556,0.244583,-0.345000,0.283333,0.283333,0.283333,level1,0.283333,0.000000,0.805556,0.805556,0.805556,-0.302837,-0.302837,0.000000,0.000000,False,positive_rate_too_high;best_level_does_not_beat_always_observe
A2_current_cov0.50,A,B,0.05,0.150000,0.280000,0.348000,0.068000,0.130000,0.800000,0.247500,-0.340000,0.280000,0.280000,0.280000,level1,0.280000,0.000000,0.800000,0.800000,0.800000,-0.300257,-0.300257,0.000000,0.000000,False,positive_rate_too_high;best_level_does_not_beat_always_observe
A2_current_cov0.50,A,C,0.05,0.210000,0.283333,0.351667,0.068333,0.073333,0.722222,0.196735,-0.251944,0.283333,0.283333,0.283333,level1,0.283333,0.000000,0.722222,0.722222,0.722222,0.084206,0.076264,-0.051681,0.000000,False,positive_rate_too_high;best_level_does_not_beat_always_observe
A2_current_cov0.50,A,A,0.07,0.153333,0.263333,0.334167,0.070833,0.110000,0.805556,0.224583,-0.365000,0.263333,0.263333,0.263333,level1,0.263333,0.000000,0.805556,0.805556,0.805556,-0.302837,-0.302837,0.000000,0.000000,False,positive_rate_too_high;best_level_does_not_beat_always_observe
A2_current_cov0.50,A,B,0.07,0.150000,0.260000,0.332000,0.072000,0.110000,0.800000,0.227500,-0.360000,0.260000,0.260000,0.260000,level1,0.260000,0.000000,0.800000,0.800000,0.800000,-0.300257,-0.300257,0.000000,0.000000,False,positive_rate_too_high;best_level_does_not_beat_always_observe
A2_current_cov0.50,A,C,0.07,0.210000,0.263333,0.337222,0.073889,0.053333,0.722222,0.176735,-0.271944,0.263333,0.263333,0.263333,level1,0.263333,0.000000,0.722222,0.722222,0.722222,0.084206,0.076264,-0.051681,0.000000,False,positive_rate_too_high;best_level_does_not_beat_always_observe
A2_current_cov0.50,A,A,0.10,0.153333,0.233333,0.310000,0.076667,0.080000,0.805556,0.194583,-0.395000,0.233333,0.233333,0.233333,level1,0.233333,0.000000,0.805556,0.805556,0.805556,-0.302837,-0.302837,0.000000,0.000000,False,positive_rate_too_high;best_level_does_not_beat_always_observe
A2_current_cov0.50,A,B,0.10,0.150000,0.230000,0.308000,0.078000,0.080000,0.800000,0.197500,-0.390000,0.230000,0.230000,0.230000,level1,0.230000,0.000000,0.800000,0.800000,0.800000,-0.300257,-0.300257,0.000000,0.000000,False,positive_rate_too_high;best_level_does_not_beat_always_observe
A2_current_cov0.50,A,C,0.10,0.210000,0.233333,0.315556,0.082222,0.023333,0.688889,0.153296,-0.285056,0.233333,0.233333,0.233333,level1,0.233333,0.000000,0.688889,0.688889,0.688889,0.084206,0.076264,-0.051681,0.000000,False,positive_rate_too_high;sign_correct_not_enough;best_level_does_not_beat_always_observe
A2_current_cov0.50,A,A,0.12,0.153333,0.213333,0.293889,0.080556,0.060000,0.805556,0.174583,-0.415000,0.213333,0.213333,0.213333,level1,0.213333,0.000000,0.805556,0.805556,0.805556,-0.302837,-0.302837,0.000000,0.000000,False,positive_rate_too_high;best_level_does_not_beat_always_observe
A2_current_cov0.50,A,B,0.12,0.150000,0.210000,0.292000,0.082000,0.060000,0.800000,0.177500,-0.410000,0.210000,0.210000,0.210000,level1,0.210000,0.000000,0.800000,0.800000,0.800000,-0.300257,-0.300257,0.000000,0.000000,False,positive_rate_too_high;best_level_does_not_beat_always_observe
A2_current_cov0.50,A,C,0.12,0.210000,0.213333,0.301778,0.088444,0.003333,0.688889,0.133296,-0.305056,0.213333,0.213333,0.213333,level1,0.213333,0.000000,0.688889,0.688889,0.688889,0.084206,0.076264,-0.051681,0.000000,False,positive_rate_too_high;sign_correct_not_enough;best_level_does_not_beat_always_observe
A2_current_cov0.50,A,A,0.15,0.153333,0.183333,0.269722,0.086389,0.030000,0.805556,0.144583,-0.445000,0.183333,0.183333,0.183333,level1,0.183333,0.000000,0.805556,0.805556,0.805556,-0.302837,-0.302837,0.000000,0.000000,False,positive_rate_too_high;best_level_does_not_beat_always_observe
A2_current_cov0.50,A,B,0.15,0.150000,0.180000,0.268000,0.088000,0.030000,0.800000,0.147500,-0.440000,0.180000,0.180000,0.180000,level1,0.180000,0.000000,0.800000,0.800000,0.800000,-0.300257,-0.300257,0.000000,0.000000,False,positive_rate_too_high;best_level_does_not_beat_always_observe
A2_current_cov0.50,A,C,0.15,0.210000,0.183333,0.281111,0.097778,-0.026667,0.688889,0.103296,-0.335056,0.183333,0.183333,0.183333,level1,0.183333,0.000000,0.688889,0.688889,0.688889,0.084206,0.076264,-0.051681,0.000000,False,positive_rate_too_high;sign_correct_not_enough;best_level_does_not_beat_always_observe
A3_current_cov1.00,A,A,0.03,0.263333,0.233333,0.350667,0.117333,-0.030000,0.355556,0.250000,-0.182616,0.263333,0.263333,0.263333,level1,0.263333,0.030000,0.644444,0.644444,0.644444,0.000000,0.000000,0.000000,0.000000,False,sign_correct_not_enough
A3_current_cov1.00,A,B,0.03,0.283333,0.253333,0.368778,0.115444,-0.030000,0.388889,0.220000,-0.188929,0.283333,0.283333,0.283333,level1,0.283333,0.030000,0.611111,0.611111,0.611111,0.000000,0.000000,0.000000,0.000000,False,sign_correct_not_enough
A3_current_cov1.00,A,C,0.03,0.263333,0.233333,0.329222,0.095889,-0.030000,0.322222,0.219945,-0.141304,0.263333,0.263333,0.263333,level1,0.263333,0.030000,0.677778,0.677778,0.677778,0.000000,0.000000,0.000000,0.000000,False,sign_correct_not_enough
A3_current_cov1.00,A,A,0.05,0.263333,0.213333,0.343556,0.130222,-0.050000,0.355556,0.230000,-0.202616,0.263333,0.263333,0.263333,level1,0.263333,0.050000,0.644444,0.644444,0.644444,0.000000,0.000000,0.000000,0.000000,False,sign_correct_not_enough
A3_current_cov1.00,A,B,0.05,0.283333,0.233333,0.361000,0.127667,-0.050000,0.388889,0.200000,-0.208929,0.283333,0.283333,0.283333,level1,0.283333,0.050000,0.611111,0.611111,0.611111,0.000000,0.000000,0.000000,0.000000,False,sign_correct_not_enough
A3_current_cov1.00,A,C,0.05,0.263333,0.213333,0.322778,0.109444,-0.050000,0.322222,0.199945,-0.161304,0.263333,0.263333,0.263333,level1,0.263333,0.050000,0.677778,0.677778,0.677778,0.000000,0.000000,0.000000,0.000000,False,sign_correct_not_enough
A3_current_cov1.00,A,A,0.07,0.263333,0.193333,0.336444,0.143111,-0.070000,0.355556,0.210000,-0.222616,0.263333,0.263333,0.263333,level1,0.263333,0.070000,0.644444,0.644444,0.644444,0.000000,0.000000,0.000000,0.000000,False,sign_correct_not_enough
A3_current_cov1.00,A,B,0.07,0.283333,0.213333,0.353222,0.139889,-0.070000,0.388889,0.180000,-0.228929,0.283333,0.283333,0.283333,level1,0.283333,0.070000,0.611111,0.611111,0.611111,0.000000,0.000000,0.000000,0.000000,False,sign_correct_not_enough
A3_current_cov1.00,A,C,0.07,0.263333,0.193333,0.316333,0.123000,-0.070000,0.322222,0.179945,-0.181304,0.263333,0.263333,0.263333,level1,0.263333,0.070000,0.677778,0.677778,0.677778,0.000000,0.000000,0.000000,0.000000,False,sign_correct_not_enough
A3_current_cov1.00,A,A,0.10,0.263333,0.163333,0.325778,0.162444,-0.100000,0.355556,0.180000,-0.252616,0.263333,0.263333,0.263333,level1,0.263333,0.100000,0.644444,0.644444,0.644444,0.000000,0.000000,0.000000,0.000000,False,sign_correct_not_enough
A3_current_cov1.00,A,B,0.10,0.283333,0.183333,0.341556,0.158222,-0.100000,0.388889,0.150000,-0.258929,0.283333,0.283333,0.283333,level1,0.283333,0.100000,0.611111,0.611111,0.611111,0.000000,0.000000,0.000000,0.000000,False,sign_correct_not_enough
A3_current_cov1.00,A,C,0.10,0.263333,0.163333,0.306667,0.143333,-0.100000,0.211111,0.195000,-0.183791,0.263333,0.263333,0.263333,level1,0.263333,0.100000,0.788889,0.788889,0.788889,0.000000,0.000000,0.000000,0.000000,False,
A3_current_cov1.00,A,A,0.12,0.263333,0.143333,0.318667,0.175333,-0.120000,0.355556,0.160000,-0.272616,0.263333,0.263333,0.263333,level1,0.263333,0.120000,0.644444,0.644444,0.644444,0.000000,0.000000,0.000000,0.000000,False,sign_correct_not_enough
A3_current_cov1.00,A,B,0.12,0.283333,0.163333,0.333778,0.170444,-0.120000,0.388889,0.130000,-0.278929,0.283333,0.283333,0.283333,level1,0.283333,0.120000,0.611111,0.611111,0.611111,0.000000,0.000000,0.000000,0.000000,False,sign_correct_not_enough
A3_current_cov1.00,A,C,0.12,0.263333,0.143333,0.302444,0.159111,-0.120000,0.211111,0.175000,-0.203791,0.263333,0.263333,0.263333,level1,0.263333,0.120000,0.788889,0.788889,0.788889,0.000000,0.000000,0.000000,0.000000,False,
A3_current_cov1.00,A,A,0.15,0.263333,0.113333,0.308000,0.194667,-0.150000,0.355556,0.130000,-0.302616,0.263333,0.263333,0.263333,level1,0.263333,0.150000,0.644444,0.644444,0.644444,0.000000,0.000000,0.000000,0.000000,False,sign_correct_not_enough
A3_current_cov1.00,A,B,0.15,0.283333,0.133333,0.322111,0.188778,-0.150000,0.388889,0.100000,-0.308929,0.283333,0.283333,0.283333,level1,0.283333,0.150000,0.611111,0.611111,0.611111,0.000000,0.000000,0.000000,0.000000,False,sign_correct_not_enough
A3_current_cov1.00,A,C,0.15,0.263333,0.113333,0.296111,0.182778,-0.150000,0.211111,0.145000,-0.233791,0.263333,0.263333,0.263333,level1,0.263333,0.150000,0.788889,0.788889,0.788889,0.000000,0.000000,0.000000,0.000000,False,
B_cov0.25_target50,B,A,0.03,0.165000,0.120000,0.292500,0.172500,-0.045000,0.500000,0.255000,-0.345000,0.120000,0.120000,0.120000,level1,0.120000,0.000000,0.500000,0.500000,0.500000,0.000000,0.000000,0.000000,0.000000,False,sign_correct_not_enough;best_level_does_not_beat_always_observe
B_cov0.25_target50,B,B,0.03,0.180000,0.120000,0.300000,0.180000,-0.060000,0.500000,0.240000,-0.360000,0.120000,0.120000,0.120000,level1,0.120000,0.000000,0.500000,0.500000,0.500000,0.000000,0.000000,0.000000,0.000000,False,sign_correct_not_enough;best_level_does_not_beat_always_observe
B_cov0.25_target50,B,C,0.03,0.330000,0.420000,0.435000,0.015000,0.090000,0.500000,0.210000,-0.030000,0.420000,0.420000,0.420000,level1,0.420000,0.000000,0.500000,0.500000,0.500000,-0.600000,-0.200000,-1.000000,0.000000,False,oracle_gap_lt_0.03;nonpositive_not_negative_enough;sign_correct_not_enough;best_level_does_not_beat_always_observe
B_cov0.25_target50,B,A,0.05,0.165000,0.100000,0.282500,0.182500,-0.065000,0.500000,0.235000,-0.365000,0.100000,0.100000,0.100000,level1,0.100000,0.000000,0.500000,0.500000,0.500000,0.000000,0.000000,0.000000,0.000000,False,sign_correct_not_enough;best_level_does_not_beat_always_observe
B_cov0.25_target50,B,B,0.05,0.180000,0.100000,0.290000,0.190000,-0.080000,0.500000,0.220000,-0.380000,0.100000,0.100000,0.100000,level1,0.100000,0.000000,0.500000,0.500000,0.500000,0.000000,0.000000,0.000000,0.000000,False,sign_correct_not_enough;best_level_does_not_beat_always_observe
B_cov0.25_target50,B,C,0.05,0.330000,0.400000,0.425000,0.025000,0.070000,0.500000,0.190000,-0.050000,0.400000,0.400000,0.400000,level1,0.400000,0.000000,0.500000,0.500000,0.500000,-0.600000,-0.200000,-1.000000,0.000000,False,oracle_gap_lt_0.03;nonpositive_not_negative_enough;sign_correct_not_enough;best_level_does_not_beat_always_observe
B_cov0.25_target50,B,A,0.07,0.165000,0.080000,0.272500,0.192500,-0.085000,0.500000,0.215000,-0.385000,0.080000,0.080000,0.080000,level1,0.080000,0.000000,0.500000,0.500000,0.500000,0.000000,0.000000,0.000000,0.000000,False,sign_correct_not_enough;best_level_does_not_beat_always_observe
B_cov0.25_target50,B,B,0.07,0.180000,0.080000,0.280000,0.200000,-0.100000,0.500000,0.200000,-0.400000,0.080000,0.080000,0.080000,level1,0.080000,0.000000,0.500000,0.500000,0.500000,0.000000,0.000000,0.000000,0.000000,False,sign_correct_not_enough;best_level_does_not_beat_always_observe
B_cov0.25_target50,B,C,0.07,0.330000,0.380000,0.415000,0.035000,0.050000,0.500000,0.170000,-0.070000,0.380000,0.380000,0.380000,level1,0.380000,0.000000,0.500000,0.500000,0.500000,-0.600000,-0.200000,-1.000000,0.000000,False,sign_correct_not_enough;best_level_does_not_beat_always_observe
B_cov0.25_target50,B,A,0.10,0.165000,0.050000,0.257500,0.207500,-0.115000,0.500000,0.185000,-0.415000,0.050000,0.050000,0.050000,level1,0.050000,0.000000,0.500000,0.500000,0.500000,0.000000,0.000000,0.000000,0.000000,False,sign_correct_not_enough;best_level_does_not_beat_always_observe
B_cov0.25_target50,B,B,0.10,0.180000,0.050000,0.265000,0.215000,-0.130000,0.500000,0.170000,-0.430000,0.050000,0.050000,0.050000,level1,0.050000,0.000000,0.500000,0.500000,0.500000,0.000000,0.000000,0.000000,0.000000,False,sign_correct_not_enough;best_level_does_not_beat_always_observe
B_cov0.25_target50,B,C,0.10,0.320000,0.350000,0.390000,0.040000,0.030000,0.500000,0.140000,-0.080000,0.350000,0.350000,0.350000,level1,0.350000,0.000000,0.500000,0.500000,0.500000,-1.000000,-0.600000,-1.000000,0.000000,False,sign_correct_not_enough;best_level_does_not_beat_always_observe
B_cov0.25_target55,B,A,0.03,0.184273,0.148636,0.304841,0.156205,-0.035636,0.547727,0.220833,-0.345000,0.148636,0.148636,0.148636,level1,0.148636,0.000000,0.547727,0.547727,0.547727,0.281424,0.281424,0.000000,0.000000,False,sign_correct_not_enough;best_level_does_not_beat_always_observe
B_cov0.25_target55,B,B,0.03,0.204545,0.133636,0.306136,0.172500,-0.070909,0.522727,0.195000,-0.360000,0.133636,0.133636,0.133636,level1,0.133636,0.000000,0.522727,0.522727,0.522727,0.330841,0.330841,0.000000,0.000000,False,sign_correct_not_enough;best_level_does_not_beat_always_observe
B_cov0.25_target55,B,C,0.03,0.272677,0.330848,0.387918,0.057070,0.058172,0.550202,0.209333,-0.126778,0.330848,0.330848,0.330848,level1,0.330848,0.000000,0.550202,0.550202,0.550202,-0.214688,-0.173806,-0.209961,0.000000,False,sign_correct_not_enough;best_level_does_not_beat_always_observe
B_cov0.25_target55,B,A,0.05,0.184273,0.128636,0.293886,0.165250,-0.055636,0.547727,0.200833,-0.365000,0.128636,0.128636,0.128636,level1,0.128636,0.000000,0.547727,0.547727,0.547727,0.281424,0.281424,0.000000,0.000000,False,sign_correct_not_enough;best_level_does_not_beat_always_observe
B_cov0.25_target55,B,B,0.05,0.204545,0.113636,0.295682,0.182045,-0.090909,0.522727,0.175000,-0.380000,0.113636,0.113636,0.113636,level1,0.113636,0.000000,0.522727,0.522727,0.522727,0.330841,0.330841,0.000000,0.000000,False,sign_correct_not_enough;best_level_does_not_beat_always_observe
B_cov0.25_target55,B,C,0.05,0.272677,0.310848,0.376914,0.066066,0.038172,0.550202,0.189333,-0.146778,0.310848,0.310848,0.310848,level1,0.310848,0.000000,0.550202,0.550202,0.550202,-0.214688,-0.173806,-0.209961,0.000000,False,sign_correct_not_enough;best_level_does_not_beat_always_observe
B_cov0.25_target55,B,A,0.07,0.184273,0.108636,0.282932,0.174295,-0.075636,0.547727,0.180833,-0.385000,0.108636,0.108636,0.108636,level1,0.108636,0.000000,0.547727,0.547727,0.547727,0.281424,0.281424,0.000000,0.000000,False,sign_correct_not_enough;best_level_does_not_beat_always_observe
B_cov0.25_target55,B,B,0.07,0.204545,0.093636,0.285227,0.191591,-0.110909,0.522727,0.155000,-0.400000,0.093636,0.093636,0.093636,level1,0.093636,0.000000,0.522727,0.522727,0.522727,0.330841,0.330841,0.000000,0.000000,False,sign_correct_not_enough;best_level_does_not_beat_always_observe
B_cov0.25_target55,B,C,0.07,0.272677,0.290848,0.365910,0.075062,0.018172,0.550202,0.169333,-0.166778,0.290848,0.290848,0.290848,level1,0.290848,0.000000,0.550202,0.550202,0.550202,-0.214688,-0.173806,-0.209961,0.000000,False,sign_correct_not_enough;best_level_does_not_beat_always_observe
B_cov0.25_target55,B,A,0.10,0.184273,0.078636,0.266500,0.187864,-0.105636,0.547727,0.150833,-0.415000,0.078636,0.078636,0.078636,level1,0.078636,0.000000,0.547727,0.547727,0.547727,0.281424,0.281424,0.000000,0.000000,False,sign_correct_not_enough;best_level_does_not_beat_always_observe
B_cov0.25_target55,B,B,0.10,0.204545,0.063636,0.269545,0.205909,-0.140909,0.522727,0.125000,-0.430000,0.063636,0.063636,0.063636,level1,0.063636,0.000000,0.522727,0.522727,0.522727,0.330841,0.330841,0.000000,0.000000,False,sign_correct_not_enough;best_level_does_not_beat_always_observe
B_cov0.25_target55,B,C,0.10,0.265677,0.272848,0.354404,0.081556,0.007172,0.550202,0.161152,-0.181222,0.272848,0.272848,0.272848,level1,0.272848,0.000000,0.550202,0.550202,0.550202,-0.134853,-0.079095,-0.140463,0.000000,False,sign_correct_not_enough;best_level_does_not_beat_always_observe
B_cov0.25_target60,B,A,0.03,0.198000,0.190000,0.321500,0.131500,-0.008000,0.616667,0.201667,-0.345000,0.190000,0.190000,0.190000,level1,0.190000,0.000000,0.616667,0.616667,0.616667,0.335342,0.335342,0.000000,0.000000,False,positive_rate_too_high;sign_correct_not_enough;best_level_does_not_beat_always_observe
B_cov0.25_target60,B,B,0.03,0.218000,0.200000,0.331000,0.131000,-0.018000,0.633333,0.180000,-0.360000,0.200000,0.200000,0.200000,level1,0.200000,0.000000,0.633333,0.633333,0.633333,0.251709,0.251709,0.000000,0.000000,False,positive_rate_too_high;sign_correct_not_enough;best_level_does_not_beat_always_observe
B_cov0.25_target60,B,C,0.03,0.274000,0.396000,0.420000,0.024000,0.122000,0.600000,0.243333,-0.060000,0.396000,0.396000,0.396000,level1,0.396000,0.000000,0.600000,0.600000,0.600000,-0.089841,-0.108701,-0.138136,0.000000,False,oracle_gap_lt_0.03;sign_correct_not_enough;best_level_does_not_beat_always_observe
B_cov0.25_target60,B,A,0.05,0.198000,0.170000,0.309167,0.139167,-0.028000,0.616667,0.181667,-0.365000,0.170000,0.170000,0.170000,level1,0.170000,0.000000,0.616667,0.616667,0.616667,0.335342,0.335342,0.000000,0.000000,False,positive_rate_too_high;sign_correct_not_enough;best_level_does_not_beat_always_observe
B_cov0.25_target60,B,B,0.05,0.218000,0.180000,0.318333,0.138333,-0.038000,0.633333,0.160000,-0.380000,0.180000,0.180000,0.180000,level1,0.180000,0.000000,0.633333,0.633333,0.633333,0.251709,0.251709,0.000000,0.000000,False,positive_rate_too_high;sign_correct_not_enough;best_level_does_not_beat_always_observe
B_cov0.25_target60,B,C,0.05,0.274000,0.376000,0.408000,0.032000,0.102000,0.600000,0.223333,-0.080000,0.376000,0.376000,0.376000,level1,0.376000,0.000000,0.600000,0.600000,0.600000,-0.089841,-0.108701,-0.138136,0.000000,False,sign_correct_not_enough;best_level_does_not_beat_always_observe
B_cov0.25_target60,B,A,0.07,0.198000,0.150000,0.296833,0.146833,-0.048000,0.616667,0.161667,-0.385000,0.150000,0.150000,0.150000,level1,0.150000,0.000000,0.616667,0.616667,0.616667,0.335342,0.335342,0.000000,0.000000,False,positive_rate_too_high;sign_correct_not_enough;best_level_does_not_beat_always_observe
B_cov0.25_target60,B,B,0.07,0.218000,0.160000,0.305667,0.145667,-0.058000,0.633333,0.140000,-0.400000,0.160000,0.160000,0.160000,level1,0.160000,0.000000,0.633333,0.633333,0.633333,0.251709,0.251709,0.000000,0.000000,False,positive_rate_too_high;sign_correct_not_enough;best_level_does_not_beat_always_observe
B_cov0.25_target60,B,C,0.07,0.274000,0.356000,0.396000,0.040000,0.082000,0.600000,0.203333,-0.100000,0.356000,0.356000,0.356000,level1,0.356000,0.000000,0.600000,0.600000,0.600000,-0.089841,-0.108701,-0.138136,0.000000,False,sign_correct_not_enough;best_level_does_not_beat_always_observe
B_cov0.25_target60,B,A,0.10,0.198000,0.120000,0.278333,0.158333,-0.078000,0.616667,0.131667,-0.415000,0.120000,0.120000,0.120000,level1,0.120000,0.000000,0.616667,0.616667,0.616667,0.335342,0.335342,0.000000,0.000000,False,positive_rate_too_high;sign_correct_not_enough;best_level_does_not_beat_always_observe
B_cov0.25_target60,B,B,0.10,0.218000,0.130000,0.286667,0.156667,-0.088000,0.633333,0.110000,-0.430000,0.130000,0.130000,0.130000,level1,0.130000,0.000000,0.633333,0.633333,0.633333,0.251709,0.251709,0.000000,0.000000,False,positive_rate_too_high;sign_correct_not_enough;best_level_does_not_beat_always_observe
B_cov0.25_target60,B,C,0.10,0.270000,0.326000,0.374000,0.048000,0.056000,0.600000,0.173333,-0.120000,0.326000,0.326000,0.326000,level1,0.326000,0.000000,0.600000,0.600000,0.600000,-0.280501,-0.307623,-0.346548,0.000000,False,sign_correct_not_enough;best_level_does_not_beat_always_observe
C_cov025_pen00,C,A,0.03,0.220000,0.373333,0.398444,0.025111,0.153333,0.922222,0.194535,-0.345000,0.373333,0.373333,0.373333,level1,0.373333,0.000000,0.922222,0.922222,0.922222,-0.317136,-0.317136,0.000000,0.000000,False,oracle_gap_lt_0.03;positive_rate_too_high;best_level_does_not_beat_always_observe
C_cov025_pen00,C,B,0.03,0.230000,0.380000,0.402667,0.022667,0.150000,0.933333,0.185795,-0.360000,0.380000,0.380000,0.380000,level1,0.380000,0.000000,0.933333,0.933333,0.933333,-0.337372,-0.337372,0.000000,0.000000,False,oracle_gap_lt_0.03;positive_rate_too_high;best_level_does_not_beat_always_observe
C_cov025_pen00,C,C,0.03,0.240000,0.373333,0.402833,0.029500,0.133333,0.738889,0.221332,-0.120048,0.373333,0.373333,0.373333,level1,0.373333,0.000000,0.738889,0.738889,0.738889,-0.117636,-0.010740,-0.224235,0.000000,False,oracle_gap_lt_0.03;positive_rate_too_high;best_level_does_not_beat_always_observe
C_cov025_pen00,C,A,0.05,0.220000,0.353333,0.380000,0.026667,0.133333,0.922222,0.174535,-0.365000,0.353333,0.353333,0.353333,level1,0.353333,0.000000,0.922222,0.922222,0.922222,-0.317136,-0.317136,0.000000,0.000000,False,oracle_gap_lt_0.03;positive_rate_too_high;best_level_does_not_beat_always_observe
C_cov025_pen00,C,B,0.05,0.230000,0.360000,0.384000,0.024000,0.130000,0.933333,0.165795,-0.380000,0.360000,0.360000,0.360000,level1,0.360000,0.000000,0.933333,0.933333,0.933333,-0.337372,-0.337372,0.000000,0.000000,False,oracle_gap_lt_0.03;positive_rate_too_high;best_level_does_not_beat_always_observe
C_cov025_pen00,C,C,0.05,0.240000,0.353333,0.388056,0.034722,0.113333,0.738889,0.201332,-0.140048,0.353333,0.353333,0.353333,level1,0.353333,0.000000,0.738889,0.738889,0.738889,-0.117636,-0.010740,-0.224235,0.000000,False,positive_rate_too_high;best_level_does_not_beat_always_observe
C_cov025_pen00,C,A,0.07,0.220000,0.333333,0.361556,0.028222,0.113333,0.922222,0.154535,-0.385000,0.333333,0.333333,0.333333,level1,0.333333,0.000000,0.922222,0.922222,0.922222,-0.317136,-0.317136,0.000000,0.000000,False,oracle_gap_lt_0.03;positive_rate_too_high;best_level_does_not_beat_always_observe
C_cov025_pen00,C,B,0.07,0.230000,0.340000,0.365333,0.025333,0.110000,0.933333,0.145795,-0.400000,0.340000,0.340000,0.340000,level1,0.340000,0.000000,0.933333,0.933333,0.933333,-0.337372,-0.337372,0.000000,0.000000,False,oracle_gap_lt_0.03;positive_rate_too_high;best_level_does_not_beat_always_observe
C_cov025_pen00,C,C,0.07,0.240000,0.333333,0.373278,0.039944,0.093333,0.738889,0.181332,-0.160048,0.333333,0.333333,0.333333,level1,0.333333,0.000000,0.738889,0.738889,0.738889,-0.117636,-0.010740,-0.224235,0.000000,False,positive_rate_too_high;best_level_does_not_beat_always_observe
C_cov025_pen00,C,A,0.10,0.220000,0.303333,0.333889,0.030556,0.083333,0.922222,0.124535,-0.415000,0.303333,0.303333,0.303333,level1,0.303333,0.000000,0.922222,0.922222,0.922222,-0.317136,-0.317136,0.000000,0.000000,False,positive_rate_too_high;best_level_does_not_beat_always_observe
C_cov025_pen00,C,B,0.10,0.230000,0.310000,0.337333,0.027333,0.080000,0.933333,0.115795,-0.430000,0.310000,0.310000,0.310000,level1,0.310000,0.000000,0.933333,0.933333,0.933333,-0.337372,-0.337372,0.000000,0.000000,False,oracle_gap_lt_0.03;positive_rate_too_high;best_level_does_not_beat_always_observe
C_cov025_pen00,C,C,0.10,0.240000,0.303333,0.351111,0.047778,0.063333,0.705556,0.163604,-0.182333,0.303333,0.303333,0.303333,level1,0.303333,0.000000,0.705556,0.705556,0.705556,-0.117636,-0.010740,-0.224235,0.000000,False,positive_rate_too_high;best_level_does_not_beat_always_observe
C_cov025_pen03,C,A,0.03,0.220000,0.371000,0.398444,0.027444,0.151000,0.922222,0.194535,-0.375000,0.371000,0.371000,0.371000,level1,0.371000,0.000000,0.922222,0.922222,0.922222,-0.295435,-0.295435,0.000000,0.000000,False,oracle_gap_lt_0.03;positive_rate_too_high;best_level_does_not_beat_always_observe
C_cov025_pen03,C,B,0.03,0.230000,0.378000,0.402667,0.024667,0.148000,0.933333,0.185795,-0.390000,0.378000,0.378000,0.378000,level1,0.378000,0.000000,0.933333,0.933333,0.933333,-0.316226,-0.316226,0.000000,0.000000,False,oracle_gap_lt_0.03;positive_rate_too_high;best_level_does_not_beat_always_observe
C_cov025_pen03,C,C,0.03,0.240000,0.365500,0.402833,0.037333,0.125500,0.738889,0.221332,-0.150048,0.365500,0.365500,0.365500,level1,0.365500,0.000000,0.738889,0.738889,0.738889,-0.114111,-0.013075,-0.220231,0.000000,False,positive_rate_too_high;best_level_does_not_beat_always_observe
C_cov025_pen03,C,A,0.05,0.220000,0.351000,0.380000,0.029000,0.131000,0.922222,0.174535,-0.395000,0.351000,0.351000,0.351000,level1,0.351000,0.000000,0.922222,0.922222,0.922222,-0.295435,-0.295435,0.000000,0.000000,False,oracle_gap_lt_0.03;positive_rate_too_high;best_level_does_not_beat_always_observe
C_cov025_pen03,C,B,0.05,0.230000,0.358000,0.384000,0.026000,0.128000,0.933333,0.165795,-0.410000,0.358000,0.358000,0.358000,level1,0.358000,0.000000,0.933333,0.933333,0.933333,-0.316226,-0.316226,0.000000,0.000000,False,oracle_gap_lt_0.03;positive_rate_too_high;best_level_does_not_beat_always_observe
C_cov025_pen03,C,C,0.05,0.240000,0.345500,0.388056,0.042556,0.105500,0.738889,0.201332,-0.170048,0.345500,0.345500,0.345500,level1,0.345500,0.000000,0.738889,0.738889,0.738889,-0.131911,-0.032112,-0.220231,0.000000,False,positive_rate_too_high;best_level_does_not_beat_always_observe
C_cov025_pen03,C,A,0.07,0.220000,0.331000,0.361556,0.030556,0.111000,0.922222,0.154535,-0.415000,0.331000,0.331000,0.331000,level1,0.331000,0.000000,0.922222,0.922222,0.922222,-0.295435,-0.295435,0.000000,0.000000,False,positive_rate_too_high;best_level_does_not_beat_always_observe
C_cov025_pen03,C,B,0.07,0.230000,0.338000,0.365333,0.027333,0.108000,0.933333,0.145795,-0.430000,0.338000,0.338000,0.338000,level1,0.338000,0.000000,0.933333,0.933333,0.933333,-0.316226,-0.316226,0.000000,0.000000,False,oracle_gap_lt_0.03;positive_rate_too_high;best_level_does_not_beat_always_observe
C_cov025_pen03,C,C,0.07,0.240000,0.325500,0.373278,0.047778,0.085500,0.738889,0.181332,-0.190048,0.325500,0.325500,0.325500,level1,0.325500,0.000000,0.738889,0.738889,0.738889,-0.131911,-0.032112,-0.220231,0.000000,False,positive_rate_too_high;best_level_does_not_beat_always_observe
C_cov025_pen03,C,A,0.10,0.220000,0.301000,0.333889,0.032889,0.081000,0.922222,0.124535,-0.445000,0.301000,0.301000,0.301000,level1,0.301000,0.000000,0.922222,0.922222,0.922222,-0.295435,-0.295435,0.000000,0.000000,False,positive_rate_too_high;best_level_does_not_beat_always_observe
C_cov025_pen03,C,B,0.10,0.230000,0.308000,0.337333,0.029333,0.078000,0.933333,0.115795,-0.460000,0.308000,0.308000,0.308000,level1,0.308000,0.000000,0.933333,0.933333,0.933333,-0.316226,-0.316226,0.000000,0.000000,False,oracle_gap_lt_0.03;positive_rate_too_high;best_level_does_not_beat_always_observe
C_cov025_pen03,C,C,0.10,0.240000,0.294500,0.351111,0.056611,0.054500,0.705556,0.163604,-0.212333,0.294500,0.292833,0.294500,level1,0.294500,0.000000,0.705556,0.688889,0.705556,-0.144719,-0.031987,-0.225227,0.000000,False,positive_rate_too_high;best_level_does_not_beat_always_observe
C_cov025_pen06,C,A,0.03,0.220000,0.368667,0.398444,0.029778,0.148667,0.922222,0.194535,-0.405000,0.368667,0.368667,0.368667,level1,0.368667,0.000000,0.922222,0.922222,0.922222,-0.275284,-0.275284,0.000000,0.000000,False,oracle_gap_lt_0.03;positive_rate_too_high;best_level_does_not_beat_always_observe
C_cov025_pen06,C,B,0.03,0.230000,0.376000,0.402667,0.026667,0.146000,0.933333,0.185795,-0.420000,0.376000,0.376000,0.376000,level1,0.376000,0.000000,0.933333,0.933333,0.933333,-0.296544,-0.296544,0.000000,0.000000,False,oracle_gap_lt_0.03;positive_rate_too_high;best_level_does_not_beat_always_observe
C_cov025_pen06,C,C,0.03,0.240000,0.357667,0.402833,0.045167,0.117667,0.738889,0.221332,-0.180048,0.357667,0.357667,0.357667,level1,0.357667,0.000000,0.738889,0.738889,0.738889,-0.108236,-0.015180,-0.216429,0.000000,False,positive_rate_too_high;best_level_does_not_beat_always_observe
C_cov025_pen06,C,A,0.05,0.220000,0.348667,0.380000,0.031333,0.128667,0.922222,0.174535,-0.425000,0.348667,0.348667,0.348667,level1,0.348667,0.000000,0.922222,0.922222,0.922222,-0.275284,-0.275284,0.000000,0.000000,False,positive_rate_too_high;best_level_does_not_beat_always_observe
C_cov025_pen06,C,B,0.05,0.230000,0.356000,0.384000,0.028000,0.126000,0.933333,0.165795,-0.440000,0.356000,0.356000,0.356000,level1,0.356000,0.000000,0.933333,0.933333,0.933333,-0.296544,-0.296544,0.000000,0.000000,False,oracle_gap_lt_0.03;positive_rate_too_high;best_level_does_not_beat_always_observe
C_cov025_pen06,C,C,0.05,0.240000,0.337667,0.388056,0.050389,0.097667,0.738889,0.201332,-0.200048,0.337667,0.337667,0.337667,level1,0.337667,0.000000,0.738889,0.738889,0.738889,-0.141650,-0.049824,-0.216429,0.000000,False,positive_rate_too_high;best_level_does_not_beat_always_observe
C_cov025_pen06,C,A,0.07,0.220000,0.328667,0.361556,0.032889,0.108667,0.922222,0.154535,-0.445000,0.328667,0.328667,0.328667,level1,0.328667,0.000000,0.922222,0.922222,0.922222,-0.275284,-0.275284,0.000000,0.000000,False,positive_rate_too_high;best_level_does_not_beat_always_observe
C_cov025_pen06,C,B,0.07,0.230000,0.336000,0.365333,0.029333,0.106000,0.933333,0.145795,-0.460000,0.336000,0.336000,0.336000,level1,0.336000,0.000000,0.933333,0.933333,0.933333,-0.296544,-0.296544,0.000000,0.000000,False,oracle_gap_lt_0.03;positive_rate_too_high;best_level_does_not_beat_always_observe
C_cov025_pen06,C,C,0.07,0.240000,0.317667,0.373278,0.055611,0.077667,0.738889,0.181332,-0.220048,0.317667,0.317667,0.317667,level1,0.317667,0.000000,0.738889,0.738889,0.738889,-0.141650,-0.049824,-0.216429,0.000000,False,positive_rate_too_high;best_level_does_not_beat_always_observe
C_cov025_pen06,C,A,0.10,0.220000,0.298667,0.333889,0.035222,0.078667,0.922222,0.124535,-0.475000,0.298667,0.298667,0.298667,level1,0.298667,0.000000,0.922222,0.922222,0.922222,-0.275284,-0.275284,0.000000,0.000000,False,positive_rate_too_high;best_level_does_not_beat_always_observe
C_cov025_pen06,C,B,0.10,0.230000,0.306000,0.337333,0.031333,0.076000,0.933333,0.115795,-0.490000,0.306000,0.306000,0.306000,level1,0.306000,0.000000,0.933333,0.933333,0.933333,-0.296544,-0.296544,0.000000,0.000000,False,positive_rate_too_high;best_level_does_not_beat_always_observe
C_cov025_pen06,C,C,0.10,0.240000,0.285667,0.351111,0.065444,0.045667,0.705556,0.163604,-0.242333,0.285667,0.282333,0.285667,level1,0.285667,0.000000,0.705556,0.672222,0.705556,-0.164472,-0.051397,-0.225787,0.000000,False,positive_rate_too_high;best_level_does_not_beat_always_observe
C_cov025_pen09,C,A,0.03,0.220000,0.366333,0.398444,0.032111,0.146333,0.922222,0.194535,-0.435000,0.366333,0.366333,0.366333,level1,0.366333,0.000000,0.922222,0.922222,0.922222,-0.256547,-0.256547,0.000000,0.000000,False,positive_rate_too_high;best_level_does_not_beat_always_observe
C_cov025_pen09,C,B,0.03,0.230000,0.374000,0.402667,0.028667,0.144000,0.933333,0.185795,-0.450000,0.374000,0.374000,0.374000,level1,0.374000,0.000000,0.933333,0.933333,0.933333,-0.278202,-0.278202,0.000000,0.000000,False,oracle_gap_lt_0.03;positive_rate_too_high;best_level_does_not_beat_always_observe
C_cov025_pen09,C,C,0.03,0.240000,0.349833,0.402833,0.053000,0.109833,0.738889,0.221332,-0.210048,0.349833,0.349833,0.349833,level1,0.349833,0.000000,0.738889,0.738889,0.738889,-0.100398,-0.016891,-0.097353,0.000000,False,positive_rate_too_high;best_level_does_not_beat_always_observe
C_cov025_pen09,C,A,0.05,0.220000,0.346333,0.380000,0.033667,0.126333,0.922222,0.174535,-0.455000,0.346333,0.346333,0.346333,level1,0.346333,0.000000,0.922222,0.922222,0.922222,-0.256547,-0.256547,0.000000,0.000000,False,positive_rate_too_high;best_level_does_not_beat_always_observe
C_cov025_pen09,C,B,0.05,0.230000,0.354000,0.384000,0.030000,0.124000,0.933333,0.165795,-0.470000,0.354000,0.354000,0.354000,level1,0.354000,0.000000,0.933333,0.933333,0.933333,-0.278202,-0.278202,0.000000,0.000000,False,positive_rate_too_high;best_level_does_not_beat_always_observe
C_cov025_pen09,C,C,0.05,0.240000,0.329833,0.388056,0.058222,0.089833,0.738889,0.201332,-0.230048,0.329833,0.329833,0.329833,level1,0.329833,0.000000,0.738889,0.738889,0.738889,-0.148672,-0.064157,-0.212851,0.000000,False,positive_rate_too_high;best_level_does_not_beat_always_observe
C_cov025_pen09,C,A,0.07,0.220000,0.326333,0.361556,0.035222,0.106333,0.922222,0.154535,-0.475000,0.326333,0.326333,0.326333,level1,0.326333,0.000000,0.922222,0.922222,0.922222,-0.256547,-0.256547,0.000000,0.000000,False,positive_rate_too_high;best_level_does_not_beat_always_observe
C_cov025_pen09,C,B,0.07,0.230000,0.334000,0.365333,0.031333,0.104000,0.933333,0.145795,-0.490000,0.334000,0.334000,0.334000,level1,0.334000,0.000000,0.933333,0.933333,0.933333,-0.278202,-0.278202,0.000000,0.000000,False,positive_rate_too_high;best_level_does_not_beat_always_observe
C_cov025_pen09,C,C,0.07,0.240000,0.309833,0.373278,0.063444,0.069833,0.738889,0.181332,-0.250048,0.309833,0.309833,0.309833,level1,0.309833,0.000000,0.738889,0.738889,0.738889,-0.148672,-0.064157,-0.212851,0.000000,False,positive_rate_too_high;best_level_does_not_beat_always_observe
C_cov025_pen09,C,A,0.10,0.220000,0.296333,0.333889,0.037556,0.076333,0.922222,0.124535,-0.505000,0.296333,0.296333,0.296333,level1,0.296333,0.000000,0.922222,0.922222,0.922222,-0.256547,-0.256547,0.000000,0.000000,False,positive_rate_too_high;best_level_does_not_beat_always_observe
C_cov025_pen09,C,B,0.10,0.230000,0.304000,0.337333,0.033333,0.074000,0.933333,0.115795,-0.520000,0.304000,0.304000,0.304000,level1,0.304000,0.000000,0.933333,0.933333,0.933333,-0.278202,-0.278202,0.000000,0.000000,False,positive_rate_too_high;best_level_does_not_beat_always_observe
C_cov025_pen09,C,C,0.10,0.240000,0.276833,0.351111,0.074278,0.036833,0.705556,0.163604,-0.272333,0.273500,0.268500,0.276833,level3,0.276833,0.000000,0.672222,0.622222,0.705556,-0.179563,-0.069413,-0.226041,0.000000,False,positive_rate_too_high;best_level_does_not_beat_always_observe
C_cov025_pen12,C,A,0.03,0.220000,0.364000,0.398444,0.034444,0.144000,0.922222,0.194535,-0.465000,0.364000,0.364000,0.364000,level1,0.364000,0.000000,0.922222,0.922222,0.922222,-0.239098,-0.239098,0.000000,0.000000,False,positive_rate_too_high;best_level_does_not_beat_always_observe
C_cov025_pen12,C,B,0.03,0.230000,0.372000,0.402667,0.030667,0.142000,0.933333,0.185795,-0.480000,0.372000,0.372000,0.372000,level1,0.372000,0.000000,0.933333,0.933333,0.933333,-0.261084,-0.261084,0.000000,0.000000,False,positive_rate_too_high;best_level_does_not_beat_always_observe
C_cov025_pen12,C,C,0.03,0.240000,0.342000,0.402833,0.060833,0.102000,0.738889,0.221332,-0.240048,0.342000,0.342000,0.342000,level1,0.342000,0.000000,0.738889,0.738889,0.738889,-0.091445,-0.018006,-0.091912,0.000000,False,positive_rate_too_high;best_level_does_not_beat_always_observe
C_cov025_pen12,C,A,0.05,0.220000,0.344000,0.380000,0.036000,0.124000,0.922222,0.174535,-0.485000,0.344000,0.344000,0.344000,level1,0.344000,0.000000,0.922222,0.922222,0.922222,-0.239098,-0.239098,0.000000,0.000000,False,positive_rate_too_high;best_level_does_not_beat_always_observe
C_cov025_pen12,C,B,0.05,0.230000,0.352000,0.384000,0.032000,0.122000,0.933333,0.165795,-0.500000,0.352000,0.352000,0.352000,level1,0.352000,0.000000,0.933333,0.933333,0.933333,-0.261084,-0.261084,0.000000,0.000000,False,positive_rate_too_high;best_level_does_not_beat_always_observe
C_cov025_pen12,C,C,0.05,0.240000,0.322000,0.388056,0.066056,0.082000,0.738889,0.201332,-0.260048,0.322000,0.322000,0.322000,level1,0.322000,0.000000,0.738889,0.738889,0.738889,-0.153975,-0.075823,-0.209501,0.000000,False,positive_rate_too_high;best_level_does_not_beat_always_observe
C_cov025_pen12,C,A,0.07,0.220000,0.324000,0.361556,0.037556,0.104000,0.922222,0.154535,-0.505000,0.324000,0.324000,0.324000,level1,0.324000,0.000000,0.922222,0.922222,0.922222,-0.239098,-0.239098,0.000000,0.000000,False,positive_rate_too_high;best_level_does_not_beat_always_observe
C_cov025_pen12,C,B,0.07,0.230000,0.332000,0.365333,0.033333,0.102000,0.933333,0.145795,-0.520000,0.332000,0.332000,0.332000,level1,0.332000,0.000000,0.933333,0.933333,0.933333,-0.261084,-0.261084,0.000000,0.000000,False,positive_rate_too_high;best_level_does_not_beat_always_observe
C_cov025_pen12,C,C,0.07,0.240000,0.302000,0.373278,0.071278,0.062000,0.738889,0.181332,-0.280048,0.302000,0.299833,0.302000,level1,0.302000,0.000000,0.738889,0.722222,0.738889,-0.153975,-0.075823,-0.209501,0.000000,False,positive_rate_too_high;best_level_does_not_beat_always_observe
C_cov025_pen12,C,A,0.10,0.220000,0.294000,0.333889,0.039889,0.074000,0.922222,0.124535,-0.535000,0.294000,0.294000,0.294000,level1,0.294000,0.000000,0.922222,0.922222,0.922222,-0.239098,-0.239098,0.000000,0.000000,False,positive_rate_too_high;best_level_does_not_beat_always_observe
C_cov025_pen12,C,B,0.10,0.230000,0.302000,0.337333,0.035333,0.072000,0.933333,0.115795,-0.550000,0.302000,0.302000,0.302000,level1,0.302000,0.000000,0.933333,0.933333,0.933333,-0.261084,-0.261084,0.000000,0.000000,False,positive_rate_too_high;best_level_does_not_beat_always_observe
C_cov025_pen12,C,C,0.10,0.240000,0.268000,0.351111,0.083111,0.028000,0.705556,0.163604,-0.302333,0.261333,0.259667,0.268000,level3,0.268000,0.000000,0.638889,0.622222,0.705556,-0.191623,-0.085968,-0.226075,0.000000,False,positive_rate_too_high;best_level_does_not_beat_always_observe
C_cov050_pen00,C,A,0.03,0.153333,0.303333,0.366389,0.063056,0.150000,0.805556,0.264583,-0.325000,0.303333,0.303333,0.303333,level1,0.303333,0.000000,0.805556,0.805556,0.805556,-0.302837,-0.302837,0.000000,0.000000,False,positive_rate_too_high;best_level_does_not_beat_always_observe
C_cov050_pen00,C,B,0.03,0.150000,0.300000,0.364000,0.064000,0.150000,0.800000,0.267500,-0.320000,0.300000,0.300000,0.300000,level1,0.300000,0.000000,0.800000,0.800000,0.800000,-0.300257,-0.300257,0.000000,0.000000,False,positive_rate_too_high;best_level_does_not_beat_always_observe
C_cov050_pen00,C,C,0.03,0.210000,0.303333,0.366111,0.062778,0.093333,0.722222,0.216735,-0.231944,0.303333,0.303333,0.303333,level1,0.303333,0.000000,0.722222,0.722222,0.722222,0.084206,0.076264,-0.051681,0.000000,False,positive_rate_too_high;best_level_does_not_beat_always_observe
C_cov050_pen00,C,A,0.05,0.153333,0.283333,0.350278,0.066944,0.130000,0.805556,0.244583,-0.345000,0.283333,0.283333,0.283333,level1,0.283333,0.000000,0.805556,0.805556,0.805556,-0.302837,-0.302837,0.000000,0.000000,False,positive_rate_too_high;best_level_does_not_beat_always_observe
C_cov050_pen00,C,B,0.05,0.150000,0.280000,0.348000,0.068000,0.130000,0.800000,0.247500,-0.340000,0.280000,0.280000,0.280000,level1,0.280000,0.000000,0.800000,0.800000,0.800000,-0.300257,-0.300257,0.000000,0.000000,False,positive_rate_too_high;best_level_does_not_beat_always_observe
C_cov050_pen00,C,C,0.05,0.210000,0.283333,0.351667,0.068333,0.073333,0.722222,0.196735,-0.251944,0.283333,0.283333,0.283333,level1,0.283333,0.000000,0.722222,0.722222,0.722222,0.084206,0.076264,-0.051681,0.000000,False,positive_rate_too_high;best_level_does_not_beat_always_observe
C_cov050_pen00,C,A,0.07,0.153333,0.263333,0.334167,0.070833,0.110000,0.805556,0.224583,-0.365000,0.263333,0.263333,0.263333,level1,0.263333,0.000000,0.805556,0.805556,0.805556,-0.302837,-0.302837,0.000000,0.000000,False,positive_rate_too_high;best_level_does_not_beat_always_observe
C_cov050_pen00,C,B,0.07,0.150000,0.260000,0.332000,0.072000,0.110000,0.800000,0.227500,-0.360000,0.260000,0.260000,0.260000,level1,0.260000,0.000000,0.800000,0.800000,0.800000,-0.300257,-0.300257,0.000000,0.000000,False,positive_rate_too_high;best_level_does_not_beat_always_observe
C_cov050_pen00,C,C,0.07,0.210000,0.263333,0.337222,0.073889,0.053333,0.722222,0.176735,-0.271944,0.263333,0.263333,0.263333,level1,0.263333,0.000000,0.722222,0.722222,0.722222,0.084206,0.076264,-0.051681,0.000000,False,positive_rate_too_high;best_level_does_not_beat_always_observe
C_cov050_pen00,C,A,0.10,0.153333,0.233333,0.310000,0.076667,0.080000,0.805556,0.194583,-0.395000,0.233333,0.233333,0.233333,level1,0.233333,0.000000,0.805556,0.805556,0.805556,-0.302837,-0.302837,0.000000,0.000000,False,positive_rate_too_high;best_level_does_not_beat_always_observe
C_cov050_pen00,C,B,0.10,0.150000,0.230000,0.308000,0.078000,0.080000,0.800000,0.197500,-0.390000,0.230000,0.230000,0.230000,level1,0.230000,0.000000,0.800000,0.800000,0.800000,-0.300257,-0.300257,0.000000,0.000000,False,positive_rate_too_high;best_level_does_not_beat_always_observe
C_cov050_pen00,C,C,0.10,0.210000,0.233333,0.315556,0.082222,0.023333,0.688889,0.153296,-0.285056,0.233333,0.233333,0.233333,level1,0.233333,0.000000,0.688889,0.688889,0.688889,0.084206,0.076264,-0.051681,0.000000,False,positive_rate_too_high;sign_correct_not_enough;best_level_does_not_beat_always_observe
C_cov050_pen03,C,A,0.03,0.153333,0.297500,0.366389,0.068889,0.144167,0.805556,0.264583,-0.355000,0.297500,0.297500,0.297500,level1,0.297500,0.000000,0.805556,0.805556,0.805556,-0.305026,-0.305026,0.000000,0.000000,False,positive_rate_too_high;best_level_does_not_beat_always_observe
C_cov050_pen03,C,B,0.03,0.150000,0.294000,0.364000,0.070000,0.144000,0.800000,0.267500,-0.350000,0.294000,0.294000,0.294000,level1,0.294000,0.000000,0.800000,0.800000,0.800000,-0.302871,-0.302871,0.000000,0.000000,False,positive_rate_too_high;best_level_does_not_beat_always_observe
C_cov050_pen03,C,C,0.03,0.210000,0.295000,0.366111,0.071111,0.085000,0.722222,0.216735,-0.261944,0.295000,0.295000,0.295000,level1,0.295000,0.000000,0.722222,0.722222,0.722222,0.090476,0.079879,-0.051412,0.000000,False,positive_rate_too_high;best_level_does_not_beat_always_observe
C_cov050_pen03,C,A,0.05,0.153333,0.277500,0.350278,0.072778,0.124167,0.805556,0.244583,-0.375000,0.277500,0.277500,0.277500,level1,0.277500,0.000000,0.805556,0.805556,0.805556,-0.305026,-0.305026,0.000000,0.000000,False,positive_rate_too_high;best_level_does_not_beat_always_observe
C_cov050_pen03,C,B,0.05,0.150000,0.274000,0.348000,0.074000,0.124000,0.800000,0.247500,-0.370000,0.274000,0.274000,0.274000,level1,0.274000,0.000000,0.800000,0.800000,0.800000,-0.302871,-0.302871,0.000000,0.000000,False,positive_rate_too_high;best_level_does_not_beat_always_observe
C_cov050_pen03,C,C,0.05,0.210000,0.275000,0.351667,0.076667,0.065000,0.722222,0.196735,-0.281944,0.275000,0.275000,0.275000,level1,0.275000,0.000000,0.722222,0.722222,0.722222,0.090476,0.079879,-0.051412,0.000000,False,positive_rate_too_high;best_level_does_not_beat_always_observe
C_cov050_pen03,C,A,0.07,0.153333,0.257500,0.334167,0.076667,0.104167,0.805556,0.224583,-0.395000,0.257500,0.257500,0.257500,level1,0.257500,0.000000,0.805556,0.805556,0.805556,-0.305026,-0.305026,0.000000,0.000000,False,positive_rate_too_high;best_level_does_not_beat_always_observe
C_cov050_pen03,C,B,0.07,0.150000,0.254000,0.332000,0.078000,0.104000,0.800000,0.227500,-0.390000,0.254000,0.254000,0.254000,level1,0.254000,0.000000,0.800000,0.800000,0.800000,-0.302871,-0.302871,0.000000,0.000000,False,positive_rate_too_high;best_level_does_not_beat_always_observe
C_cov050_pen03,C,C,0.07,0.210000,0.255000,0.337222,0.082222,0.045000,0.722222,0.176735,-0.301944,0.255000,0.255000,0.255000,level1,0.255000,0.000000,0.722222,0.722222,0.722222,0.090476,0.079879,-0.051412,0.000000,False,positive_rate_too_high;best_level_does_not_beat_always_observe
C_cov050_pen03,C,A,0.10,0.153333,0.227500,0.310000,0.082500,0.074167,0.805556,0.194583,-0.425000,0.227500,0.227500,0.227500,level1,0.227500,0.000000,0.805556,0.805556,0.805556,-0.305026,-0.305026,0.000000,0.000000,False,positive_rate_too_high;best_level_does_not_beat_always_observe
C_cov050_pen03,C,B,0.10,0.150000,0.224000,0.308000,0.084000,0.074000,0.800000,0.197500,-0.420000,0.224000,0.224000,0.224000,level1,0.224000,0.000000,0.800000,0.800000,0.800000,-0.302871,-0.302871,0.000000,0.000000,False,positive_rate_too_high;best_level_does_not_beat_always_observe
C_cov050_pen03,C,C,0.10,0.210000,0.224000,0.315556,0.091556,0.014000,0.688889,0.153296,-0.315056,0.224000,0.224000,0.224000,level1,0.224000,0.000000,0.688889,0.688889,0.688889,0.092084,0.079248,-0.056580,0.000000,False,positive_rate_too_high;sign_correct_not_enough;best_level_does_not_beat_always_observe
C_cov050_pen06,C,A,0.03,0.153333,0.291667,0.366389,0.074722,0.138333,0.805556,0.264583,-0.385000,0.291667,0.291667,0.291667,level1,0.291667,0.000000,0.805556,0.805556,0.805556,-0.307010,-0.307010,0.000000,0.000000,False,positive_rate_too_high;best_level_does_not_beat_always_observe
C_cov050_pen06,C,B,0.03,0.150000,0.288000,0.364000,0.076000,0.138000,0.800000,0.267500,-0.380000,0.288000,0.288000,0.288000,level1,0.288000,0.000000,0.800000,0.800000,0.800000,-0.305241,-0.305241,0.000000,0.000000,False,positive_rate_too_high;best_level_does_not_beat_always_observe
C_cov050_pen06,C,C,0.03,0.210000,0.286667,0.366111,0.079444,0.076667,0.722222,0.216735,-0.291944,0.286667,0.286667,0.286667,level1,0.286667,0.000000,0.722222,0.722222,0.722222,0.095042,0.082330,-0.046428,0.000000,False,positive_rate_too_high;best_level_does_not_beat_always_observe
C_cov050_pen06,C,A,0.05,0.153333,0.271667,0.350278,0.078611,0.118333,0.805556,0.244583,-0.405000,0.271667,0.271667,0.271667,level1,0.271667,0.000000,0.805556,0.805556,0.805556,-0.307010,-0.307010,0.000000,0.000000,False,positive_rate_too_high;best_level_does_not_beat_always_observe
C_cov050_pen06,C,B,0.05,0.150000,0.268000,0.348000,0.080000,0.118000,0.800000,0.247500,-0.400000,0.268000,0.268000,0.268000,level1,0.268000,0.000000,0.800000,0.800000,0.800000,-0.305241,-0.305241,0.000000,0.000000,False,positive_rate_too_high;best_level_does_not_beat_always_observe
C_cov050_pen06,C,C,0.05,0.210000,0.266667,0.351667,0.085000,0.056667,0.722222,0.196735,-0.311944,0.266667,0.266667,0.266667,level1,0.266667,0.000000,0.722222,0.722222,0.722222,0.095042,0.082330,-0.046428,0.000000,False,positive_rate_too_high;best_level_does_not_beat_always_observe
C_cov050_pen06,C,A,0.07,0.153333,0.251667,0.334167,0.082500,0.098333,0.805556,0.224583,-0.425000,0.251667,0.251667,0.251667,level1,0.251667,0.000000,0.805556,0.805556,0.805556,-0.307010,-0.307010,0.000000,0.000000,False,positive_rate_too_high;best_level_does_not_beat_always_observe
C_cov050_pen06,C,B,0.07,0.150000,0.248000,0.332000,0.084000,0.098000,0.800000,0.227500,-0.420000,0.248000,0.248000,0.248000,level1,0.248000,0.000000,0.800000,0.800000,0.800000,-0.305241,-0.305241,0.000000,0.000000,False,positive_rate_too_high;best_level_does_not_beat_always_observe
C_cov050_pen06,C,C,0.07,0.210000,0.246667,0.337222,0.090556,0.036667,0.722222,0.176735,-0.331944,0.246667,0.246667,0.246667,level1,0.246667,0.000000,0.722222,0.722222,0.722222,0.095042,0.082330,-0.046428,0.000000,False,positive_rate_too_high;best_level_does_not_beat_always_observe
C_cov050_pen06,C,A,0.10,0.153333,0.221667,0.310000,0.088333,0.068333,0.805556,0.194583,-0.455000,0.221667,0.221667,0.221667,level1,0.221667,0.000000,0.805556,0.805556,0.805556,-0.307010,-0.307010,0.000000,0.000000,False,positive_rate_too_high;best_level_does_not_beat_always_observe
C_cov050_pen06,C,B,0.10,0.150000,0.218000,0.308000,0.090000,0.068000,0.800000,0.197500,-0.450000,0.218000,0.218000,0.218000,level1,0.218000,0.000000,0.800000,0.800000,0.800000,-0.305241,-0.305241,0.000000,0.000000,False,positive_rate_too_high;best_level_does_not_beat_always_observe
C_cov050_pen06,C,C,0.10,0.210000,0.214667,0.315556,0.100889,0.004667,0.688889,0.153296,-0.345056,0.214667,0.214667,0.214667,level1,0.214667,0.000000,0.688889,0.688889,0.688889,0.098358,0.081492,-0.056144,0.000000,False,positive_rate_too_high;sign_correct_not_enough;best_level_does_not_beat_always_observe
C_cov050_pen09,C,A,0.03,0.153333,0.285833,0.366389,0.080556,0.132500,0.805556,0.264583,-0.415000,0.285833,0.285833,0.285833,level1,0.285833,0.000000,0.805556,0.805556,0.805556,-0.308816,-0.308816,0.000000,0.000000,False,positive_rate_too_high;best_level_does_not_beat_always_observe
C_cov050_pen09,C,B,0.03,0.150000,0.282000,0.364000,0.082000,0.132000,0.800000,0.267500,-0.410000,0.282000,0.282000,0.282000,level1,0.282000,0.000000,0.800000,0.800000,0.800000,-0.307399,-0.307399,0.000000,0.000000,False,positive_rate_too_high;best_level_does_not_beat_always_observe
C_cov050_pen09,C,C,0.03,0.210000,0.278333,0.366111,0.087778,0.068333,0.722222,0.216735,-0.321944,0.278333,0.278333,0.278333,level1,0.278333,0.000000,0.722222,0.722222,0.722222,0.098161,0.083861,-0.041908,0.000000,False,positive_rate_too_high;best_level_does_not_beat_always_observe
C_cov050_pen09,C,A,0.05,0.153333,0.265833,0.350278,0.084444,0.112500,0.805556,0.244583,-0.435000,0.265833,0.265833,0.265833,level1,0.265833,0.000000,0.805556,0.805556,0.805556,-0.308816,-0.308816,0.000000,0.000000,False,positive_rate_too_high;best_level_does_not_beat_always_observe
C_cov050_pen09,C,B,0.05,0.150000,0.262000,0.348000,0.086000,0.112000,0.800000,0.247500,-0.430000,0.262000,0.262000,0.262000,level1,0.262000,0.000000,0.800000,0.800000,0.800000,-0.307399,-0.307399,0.000000,0.000000,False,positive_rate_too_high;best_level_does_not_beat_always_observe
C_cov050_pen09,C,C,0.05,0.210000,0.258333,0.351667,0.093333,0.048333,0.722222,0.196735,-0.341944,0.258333,0.258333,0.258333,level1,0.258333,0.000000,0.722222,0.722222,0.722222,0.098161,0.083861,-0.041908,0.000000,False,positive_rate_too_high;best_level_does_not_beat_always_observe
C_cov050_pen09,C,A,0.07,0.153333,0.245833,0.334167,0.088333,0.092500,0.805556,0.224583,-0.455000,0.245833,0.245833,0.245833,level1,0.245833,0.000000,0.805556,0.805556,0.805556,-0.308816,-0.308816,0.000000,0.000000,False,positive_rate_too_high;best_level_does_not_beat_always_observe
C_cov050_pen09,C,B,0.07,0.150000,0.242000,0.332000,0.090000,0.092000,0.800000,0.227500,-0.450000,0.242000,0.242000,0.242000,level1,0.242000,0.000000,0.800000,0.800000,0.800000,-0.307399,-0.307399,0.000000,0.000000,False,positive_rate_too_high;best_level_does_not_beat_always_observe
C_cov050_pen09,C,C,0.07,0.210000,0.238333,0.337222,0.098889,0.028333,0.722222,0.176735,-0.361944,0.238333,0.238333,0.238333,level1,0.238333,0.000000,0.722222,0.722222,0.722222,0.098161,0.083861,-0.041908,0.000000,False,positive_rate_too_high;best_level_does_not_beat_always_observe
C_cov050_pen09,C,A,0.10,0.153333,0.215833,0.310000,0.094167,0.062500,0.805556,0.194583,-0.485000,0.215833,0.215833,0.215833,level1,0.215833,0.000000,0.805556,0.805556,0.805556,-0.308816,-0.308816,0.000000,0.000000,False,positive_rate_too_high;best_level_does_not_beat_always_observe
C_cov050_pen09,C,B,0.10,0.150000,0.212000,0.308000,0.096000,0.062000,0.800000,0.197500,-0.480000,0.212000,0.212000,0.212000,level1,0.212000,0.000000,0.800000,0.800000,0.800000,-0.307399,-0.307399,0.000000,0.000000,False,positive_rate_too_high;best_level_does_not_beat_always_observe
C_cov050_pen09,C,C,0.10,0.210000,0.205333,0.315556,0.110222,-0.004667,0.688889,0.153296,-0.375056,0.205333,0.205333,0.205333,level1,0.205333,0.000000,0.688889,0.688889,0.688889,0.103223,0.083132,-0.055638,0.000000,False,positive_rate_too_high;sign_correct_not_enough;best_level_does_not_beat_always_observe
C_cov050_pen12,C,A,0.03,0.153333,0.280000,0.366389,0.086389,0.126667,0.805556,0.264583,-0.445000,0.280000,0.280000,0.280000,level1,0.280000,0.000000,0.805556,0.805556,0.805556,-0.310469,-0.310469,0.000000,0.000000,False,positive_rate_too_high;best_level_does_not_beat_always_observe
C_cov050_pen12,C,B,0.03,0.150000,0.276000,0.364000,0.088000,0.126000,0.800000,0.267500,-0.440000,0.276000,0.276000,0.276000,level1,0.276000,0.000000,0.800000,0.800000,0.800000,-0.309374,-0.309374,0.000000,0.000000,False,positive_rate_too_high;best_level_does_not_beat_always_observe
C_cov050_pen12,C,C,0.03,0.210000,0.270000,0.366111,0.096111,0.060000,0.722222,0.216735,-0.351944,0.270000,0.270000,0.270000,level1,0.270000,0.000000,0.722222,0.722222,0.722222,0.100066,0.084663,-0.037800,0.000000,False,positive_rate_too_high;best_level_does_not_beat_always_observe
C_cov050_pen12,C,A,0.05,0.153333,0.260000,0.350278,0.090278,0.106667,0.805556,0.244583,-0.465000,0.260000,0.260000,0.260000,level1,0.260000,0.000000,0.805556,0.805556,0.805556,-0.310469,-0.310469,0.000000,0.000000,False,positive_rate_too_high;best_level_does_not_beat_always_observe
C_cov050_pen12,C,B,0.05,0.150000,0.256000,0.348000,0.092000,0.106000,0.800000,0.247500,-0.460000,0.256000,0.256000,0.256000,level1,0.256000,0.000000,0.800000,0.800000,0.800000,-0.309374,-0.309374,0.000000,0.000000,False,positive_rate_too_high;best_level_does_not_beat_always_observe
C_cov050_pen12,C,C,0.05,0.210000,0.250000,0.351667,0.101667,0.040000,0.722222,0.196735,-0.371944,0.250000,0.250000,0.250000,level1,0.250000,0.000000,0.722222,0.722222,0.722222,0.100066,0.084663,-0.037800,0.000000,False,positive_rate_too_high;best_level_does_not_beat_always_observe
C_cov050_pen12,C,A,0.07,0.153333,0.240000,0.334167,0.094167,0.086667,0.805556,0.224583,-0.485000,0.240000,0.240000,0.240000,level1,0.240000,0.000000,0.805556,0.805556,0.805556,-0.310469,-0.310469,0.000000,0.000000,False,positive_rate_too_high;best_level_does_not_beat_always_observe
C_cov050_pen12,C,B,0.07,0.150000,0.236000,0.332000,0.096000,0.086000,0.800000,0.227500,-0.480000,0.236000,0.236000,0.236000,level1,0.236000,0.000000,0.800000,0.800000,0.800000,-0.309374,-0.309374,0.000000,0.000000,False,positive_rate_too_high;best_level_does_not_beat_always_observe
C_cov050_pen12,C,C,0.07,0.210000,0.230000,0.337222,0.107222,0.020000,0.722222,0.176735,-0.391944,0.230000,0.230000,0.230000,level1,0.230000,0.000000,0.722222,0.722222,0.722222,0.100066,0.084663,-0.037800,0.000000,False,positive_rate_too_high;best_level_does_not_beat_always_observe
C_cov050_pen12,C,A,0.10,0.153333,0.210000,0.310000,0.100000,0.056667,0.805556,0.194583,-0.515000,0.210000,0.210000,0.210000,level1,0.210000,0.000000,0.805556,0.805556,0.805556,-0.310469,-0.310469,0.000000,0.000000,False,positive_rate_too_high;best_level_does_not_beat_always_observe
C_cov050_pen12,C,B,0.10,0.150000,0.206000,0.308000,0.102000,0.056000,0.800000,0.197500,-0.510000,0.206000,0.206000,0.206000,level1,0.206000,0.000000,0.800000,0.800000,0.800000,-0.309374,-0.309374,0.000000,0.000000,False,positive_rate_too_high;best_level_does_not_beat_always_observe
C_cov050_pen12,C,C,0.10,0.210000,0.196000,0.315556,0.119556,-0.014000,0.688889,0.153296,-0.405056,0.196000,0.196000,0.196000,level1,0.196000,0.000000,0.688889,0.688889,0.688889,0.106874,0.084279,-0.055088,0.000000,False,positive_rate_too_high;sign_correct_not_enough;best_level_does_not_beat_always_observe
D0_current_cov0.25,D,A,0.03,0.220000,0.373333,0.398444,0.025111,0.153333,0.922222,0.194535,-0.345000,0.373333,0.373333,0.373333,level1,0.373333,0.000000,0.922222,0.922222,0.922222,-0.317136,-0.317136,0.000000,0.000000,False,oracle_gap_lt_0.03;positive_rate_too_high;best_level_does_not_beat_always_observe
D0_current_cov0.25,D,B,0.03,0.230000,0.380000,0.402667,0.022667,0.150000,0.933333,0.185795,-0.360000,0.380000,0.380000,0.380000,level1,0.380000,0.000000,0.933333,0.933333,0.933333,-0.337372,-0.337372,0.000000,0.000000,False,oracle_gap_lt_0.03;positive_rate_too_high;best_level_does_not_beat_always_observe
D0_current_cov0.25,D,C,0.03,0.240000,0.373333,0.402833,0.029500,0.133333,0.738889,0.221332,-0.120048,0.373333,0.373333,0.373333,level1,0.373333,0.000000,0.738889,0.738889,0.738889,-0.117636,-0.010740,-0.224235,0.000000,False,oracle_gap_lt_0.03;positive_rate_too_high;best_level_does_not_beat_always_observe
D0_current_cov0.25,D,A,0.05,0.220000,0.353333,0.380000,0.026667,0.133333,0.922222,0.174535,-0.365000,0.353333,0.353333,0.353333,level1,0.353333,0.000000,0.922222,0.922222,0.922222,-0.317136,-0.317136,0.000000,0.000000,False,oracle_gap_lt_0.03;positive_rate_too_high;best_level_does_not_beat_always_observe
D0_current_cov0.25,D,B,0.05,0.230000,0.360000,0.384000,0.024000,0.130000,0.933333,0.165795,-0.380000,0.360000,0.360000,0.360000,level1,0.360000,0.000000,0.933333,0.933333,0.933333,-0.337372,-0.337372,0.000000,0.000000,False,oracle_gap_lt_0.03;positive_rate_too_high;best_level_does_not_beat_always_observe
D0_current_cov0.25,D,C,0.05,0.240000,0.353333,0.388056,0.034722,0.113333,0.738889,0.201332,-0.140048,0.353333,0.353333,0.353333,level1,0.353333,0.000000,0.738889,0.738889,0.738889,-0.117636,-0.010740,-0.224235,0.000000,False,positive_rate_too_high;best_level_does_not_beat_always_observe
D0_current_cov0.25,D,A,0.07,0.220000,0.333333,0.361556,0.028222,0.113333,0.922222,0.154535,-0.385000,0.333333,0.333333,0.333333,level1,0.333333,0.000000,0.922222,0.922222,0.922222,-0.317136,-0.317136,0.000000,0.000000,False,oracle_gap_lt_0.03;positive_rate_too_high;best_level_does_not_beat_always_observe
D0_current_cov0.25,D,B,0.07,0.230000,0.340000,0.365333,0.025333,0.110000,0.933333,0.145795,-0.400000,0.340000,0.340000,0.340000,level1,0.340000,0.000000,0.933333,0.933333,0.933333,-0.337372,-0.337372,0.000000,0.000000,False,oracle_gap_lt_0.03;positive_rate_too_high;best_level_does_not_beat_always_observe
D0_current_cov0.25,D,C,0.07,0.240000,0.333333,0.373278,0.039944,0.093333,0.738889,0.181332,-0.160048,0.333333,0.333333,0.333333,level1,0.333333,0.000000,0.738889,0.738889,0.738889,-0.117636,-0.010740,-0.224235,0.000000,False,positive_rate_too_high;best_level_does_not_beat_always_observe
D0_current_cov0.25,D,A,0.10,0.220000,0.303333,0.333889,0.030556,0.083333,0.922222,0.124535,-0.415000,0.303333,0.303333,0.303333,level1,0.303333,0.000000,0.922222,0.922222,0.922222,-0.317136,-0.317136,0.000000,0.000000,False,positive_rate_too_high;best_level_does_not_beat_always_observe
D0_current_cov0.25,D,B,0.10,0.230000,0.310000,0.337333,0.027333,0.080000,0.933333,0.115795,-0.430000,0.310000,0.310000,0.310000,level1,0.310000,0.000000,0.933333,0.933333,0.933333,-0.337372,-0.337372,0.000000,0.000000,False,oracle_gap_lt_0.03;positive_rate_too_high;best_level_does_not_beat_always_observe
D0_current_cov0.25,D,C,0.10,0.240000,0.303333,0.351111,0.047778,0.063333,0.705556,0.163604,-0.182333,0.303333,0.303333,0.303333,level1,0.303333,0.000000,0.705556,0.705556,0.705556,-0.117636,-0.010740,-0.224235,0.000000,False,positive_rate_too_high;best_level_does_not_beat_always_observe
D0_current_cov0.50,D,A,0.03,0.153333,0.303333,0.366389,0.063056,0.150000,0.805556,0.264583,-0.325000,0.303333,0.303333,0.303333,level1,0.303333,0.000000,0.805556,0.805556,0.805556,-0.302837,-0.302837,0.000000,0.000000,False,positive_rate_too_high;best_level_does_not_beat_always_observe
D0_current_cov0.50,D,B,0.03,0.150000,0.300000,0.364000,0.064000,0.150000,0.800000,0.267500,-0.320000,0.300000,0.300000,0.300000,level1,0.300000,0.000000,0.800000,0.800000,0.800000,-0.300257,-0.300257,0.000000,0.000000,False,positive_rate_too_high;best_level_does_not_beat_always_observe
D0_current_cov0.50,D,C,0.03,0.210000,0.303333,0.366111,0.062778,0.093333,0.722222,0.216735,-0.231944,0.303333,0.303333,0.303333,level1,0.303333,0.000000,0.722222,0.722222,0.722222,0.084206,0.076264,-0.051681,0.000000,False,positive_rate_too_high;best_level_does_not_beat_always_observe
D0_current_cov0.50,D,A,0.05,0.153333,0.283333,0.350278,0.066944,0.130000,0.805556,0.244583,-0.345000,0.283333,0.283333,0.283333,level1,0.283333,0.000000,0.805556,0.805556,0.805556,-0.302837,-0.302837,0.000000,0.000000,False,positive_rate_too_high;best_level_does_not_beat_always_observe
D0_current_cov0.50,D,B,0.05,0.150000,0.280000,0.348000,0.068000,0.130000,0.800000,0.247500,-0.340000,0.280000,0.280000,0.280000,level1,0.280000,0.000000,0.800000,0.800000,0.800000,-0.300257,-0.300257,0.000000,0.000000,False,positive_rate_too_high;best_level_does_not_beat_always_observe
D0_current_cov0.50,D,C,0.05,0.210000,0.283333,0.351667,0.068333,0.073333,0.722222,0.196735,-0.251944,0.283333,0.283333,0.283333,level1,0.283333,0.000000,0.722222,0.722222,0.722222,0.084206,0.076264,-0.051681,0.000000,False,positive_rate_too_high;best_level_does_not_beat_always_observe
D0_current_cov0.50,D,A,0.07,0.153333,0.263333,0.334167,0.070833,0.110000,0.805556,0.224583,-0.365000,0.263333,0.263333,0.263333,level1,0.263333,0.000000,0.805556,0.805556,0.805556,-0.302837,-0.302837,0.000000,0.000000,False,positive_rate_too_high;best_level_does_not_beat_always_observe
D0_current_cov0.50,D,B,0.07,0.150000,0.260000,0.332000,0.072000,0.110000,0.800000,0.227500,-0.360000,0.260000,0.260000,0.260000,level1,0.260000,0.000000,0.800000,0.800000,0.800000,-0.300257,-0.300257,0.000000,0.000000,False,positive_rate_too_high;best_level_does_not_beat_always_observe
D0_current_cov0.50,D,C,0.07,0.210000,0.263333,0.337222,0.073889,0.053333,0.722222,0.176735,-0.271944,0.263333,0.263333,0.263333,level1,0.263333,0.000000,0.722222,0.722222,0.722222,0.084206,0.076264,-0.051681,0.000000,False,positive_rate_too_high;best_level_does_not_beat_always_observe
D0_current_cov0.50,D,A,0.10,0.153333,0.233333,0.310000,0.076667,0.080000,0.805556,0.194583,-0.395000,0.233333,0.233333,0.233333,level1,0.233333,0.000000,0.805556,0.805556,0.805556,-0.302837,-0.302837,0.000000,0.000000,False,positive_rate_too_high;best_level_does_not_beat_always_observe
D0_current_cov0.50,D,B,0.10,0.150000,0.230000,0.308000,0.078000,0.080000,0.800000,0.197500,-0.390000,0.230000,0.230000,0.230000,level1,0.230000,0.000000,0.800000,0.800000,0.800000,-0.300257,-0.300257,0.000000,0.000000,False,positive_rate_too_high;best_level_does_not_beat_always_observe
D0_current_cov0.50,D,C,0.10,0.210000,0.233333,0.315556,0.082222,0.023333,0.688889,0.153296,-0.285056,0.233333,0.233333,0.233333,level1,0.233333,0.000000,0.688889,0.688889,0.688889,0.084206,0.076264,-0.051681,0.000000,False,positive_rate_too_high;sign_correct_not_enough;best_level_does_not_beat_always_observe
D1_random_balanced_p50,D,A,0.03,0.096667,0.210000,0.278500,0.068500,0.113333,0.650000,0.279873,-0.195000,0.210000,0.210000,0.210000,level1,0.210000,0.000000,0.650000,0.650000,0.650000,0.113213,0.113213,0.000000,0.000000,False,positive_rate_too_high;sign_correct_not_enough;best_level_does_not_beat_always_observe
D1_random_balanced_p50,D,B,0.03,0.096667,0.220000,0.283333,0.063333,0.123333,0.666667,0.280857,-0.190000,0.220000,0.220000,0.220000,level1,0.220000,0.000000,0.666667,0.666667,0.666667,0.151208,0.151208,0.000000,0.000000,False,positive_rate_too_high;sign_correct_not_enough;best_level_does_not_beat_always_observe
D1_random_balanced_p50,D,C,0.03,0.130000,0.210000,0.281278,0.071278,0.080000,0.550000,0.275594,-0.161618,0.210000,0.210000,0.210000,level1,0.210000,0.000000,0.550000,0.550000,0.550000,-0.018826,0.009166,-0.056103,0.000000,False,sign_correct_not_enough;best_level_does_not_beat_always_observe
D1_random_balanced_p50,D,A,0.05,0.096667,0.190000,0.265500,0.075500,0.093333,0.650000,0.259873,-0.215000,0.190000,0.190000,0.190000,level1,0.190000,0.000000,0.650000,0.650000,0.650000,0.113213,0.113213,0.000000,0.000000,False,positive_rate_too_high;sign_correct_not_enough;best_level_does_not_beat_always_observe
D1_random_balanced_p50,D,B,0.05,0.096667,0.200000,0.270000,0.070000,0.103333,0.666667,0.260857,-0.210000,0.200000,0.200000,0.200000,level1,0.200000,0.000000,0.666667,0.666667,0.666667,0.151208,0.151208,0.000000,0.000000,False,positive_rate_too_high;sign_correct_not_enough;best_level_does_not_beat_always_observe
D1_random_balanced_p50,D,C,0.05,0.130000,0.190000,0.270278,0.080278,0.060000,0.550000,0.255594,-0.181618,0.190000,0.190000,0.190000,level1,0.190000,0.000000,0.550000,0.550000,0.550000,-0.018826,0.009166,-0.056103,0.000000,False,sign_correct_not_enough;best_level_does_not_beat_always_observe
D1_random_balanced_p50,D,A,0.07,0.096667,0.170000,0.252500,0.082500,0.073333,0.650000,0.239873,-0.235000,0.170000,0.170000,0.170000,level1,0.170000,0.000000,0.650000,0.650000,0.650000,0.113213,0.113213,0.000000,0.000000,False,positive_rate_too_high;sign_correct_not_enough;best_level_does_not_beat_always_observe
D1_random_balanced_p50,D,B,0.07,0.096667,0.180000,0.256667,0.076667,0.083333,0.666667,0.240857,-0.230000,0.180000,0.180000,0.180000,level1,0.180000,0.000000,0.666667,0.666667,0.666667,0.151208,0.151208,0.000000,0.000000,False,positive_rate_too_high;sign_correct_not_enough;best_level_does_not_beat_always_observe
D1_random_balanced_p50,D,C,0.07,0.130000,0.170000,0.259278,0.089278,0.040000,0.550000,0.235594,-0.201618,0.170000,0.170000,0.170000,level1,0.170000,0.000000,0.550000,0.550000,0.550000,-0.018826,0.009166,-0.056103,0.000000,False,sign_correct_not_enough;best_level_does_not_beat_always_observe
D1_random_balanced_p50,D,A,0.10,0.096667,0.140000,0.233000,0.093000,0.043333,0.650000,0.209873,-0.265000,0.140000,0.140000,0.140000,level1,0.140000,0.000000,0.650000,0.650000,0.650000,0.113213,0.113213,0.000000,0.000000,False,positive_rate_too_high;sign_correct_not_enough;best_level_does_not_beat_always_observe
D1_random_balanced_p50,D,B,0.10,0.096667,0.150000,0.236667,0.086667,0.053333,0.666667,0.210857,-0.260000,0.150000,0.150000,0.150000,level1,0.150000,0.000000,0.666667,0.666667,0.666667,0.151208,0.151208,0.000000,0.000000,False,positive_rate_too_high;sign_correct_not_enough;best_level_does_not_beat_always_observe
D1_random_balanced_p50,D,C,0.10,0.130000,0.140000,0.242778,0.102778,0.010000,0.550000,0.205594,-0.231618,0.140000,0.140000,0.140000,level1,0.140000,0.000000,0.550000,0.538889,0.550000,-0.018826,0.009166,-0.056103,0.000000,False,sign_correct_not_enough;best_level_does_not_beat_always_observe
D2_cue_group_structured_mid,D,A,0.03,0.116667,0.270000,0.327167,0.057167,0.153333,0.750000,0.281174,-0.240000,0.270000,0.270000,0.270000,level1,0.270000,0.000000,0.750000,0.750000,0.750000,-0.024674,-0.011825,0.000000,0.000000,False,positive_rate_too_high;best_level_does_not_beat_always_observe
D2_cue_group_structured_mid,D,B,0.03,0.116667,0.246667,0.310000,0.063333,0.130000,0.711111,0.272229,-0.220000,0.246667,0.246667,0.246667,level1,0.246667,0.000000,0.711111,0.711111,0.711111,0.057480,0.000000,0.000000,0.000000,False,positive_rate_too_high;best_level_does_not_beat_always_observe
D2_cue_group_structured_mid,D,C,0.03,0.140000,0.270000,0.325667,0.055667,0.130000,0.700000,0.266373,-0.196155,0.270000,0.270000,0.270000,level1,0.270000,0.000000,0.700000,0.700000,0.700000,0.023598,0.007138,0.055460,0.000000,False,positive_rate_too_high;sign_correct_not_enough;best_level_does_not_beat_always_observe
D2_cue_group_structured_mid,D,A,0.05,0.116667,0.250000,0.312167,0.062167,0.133333,0.750000,0.261174,-0.260000,0.250000,0.250000,0.250000,level1,0.250000,0.000000,0.750000,0.750000,0.750000,-0.024674,-0.011825,0.000000,0.000000,False,positive_rate_too_high;best_level_does_not_beat_always_observe
D2_cue_group_structured_mid,D,B,0.05,0.116667,0.226667,0.295778,0.069111,0.110000,0.711111,0.252229,-0.240000,0.226667,0.226667,0.226667,level1,0.226667,0.000000,0.711111,0.711111,0.711111,0.057480,0.000000,0.000000,0.000000,False,positive_rate_too_high;best_level_does_not_beat_always_observe
D2_cue_group_structured_mid,D,C,0.05,0.140000,0.250000,0.311667,0.061667,0.110000,0.700000,0.246373,-0.216155,0.250000,0.250000,0.250000,level1,0.250000,0.000000,0.700000,0.700000,0.700000,0.023598,0.007138,0.055460,0.000000,False,positive_rate_too_high;sign_correct_not_enough;best_level_does_not_beat_always_observe
D2_cue_group_structured_mid,D,A,0.07,0.116667,0.230000,0.297167,0.067167,0.113333,0.750000,0.241174,-0.280000,0.230000,0.230000,0.230000,level1,0.230000,0.000000,0.750000,0.750000,0.750000,-0.024674,-0.011825,0.000000,0.000000,False,positive_rate_too_high;best_level_does_not_beat_always_observe
D2_cue_group_structured_mid,D,B,0.07,0.116667,0.206667,0.281556,0.074889,0.090000,0.711111,0.232229,-0.260000,0.206667,0.206667,0.206667,level1,0.206667,0.000000,0.711111,0.711111,0.711111,0.057480,0.000000,0.000000,0.000000,False,positive_rate_too_high;best_level_does_not_beat_always_observe
D2_cue_group_structured_mid,D,C,0.07,0.140000,0.230000,0.297667,0.067667,0.090000,0.700000,0.226373,-0.236155,0.230000,0.230000,0.230000,level1,0.230000,0.000000,0.700000,0.700000,0.700000,0.023598,0.007138,0.055460,0.000000,False,positive_rate_too_high;sign_correct_not_enough;best_level_does_not_beat_always_observe
D2_cue_group_structured_mid,D,A,0.10,0.116667,0.200000,0.274667,0.074667,0.083333,0.750000,0.211174,-0.310000,0.200000,0.200000,0.200000,level1,0.200000,0.000000,0.750000,0.750000,0.750000,-0.024674,-0.011825,0.000000,0.000000,False,positive_rate_too_high;best_level_does_not_beat_always_observe
D2_cue_group_structured_mid,D,B,0.10,0.116667,0.176667,0.260222,0.083556,0.060000,0.711111,0.202229,-0.290000,0.176667,0.176667,0.176667,level1,0.176667,0.000000,0.711111,0.711111,0.711111,0.057480,0.000000,0.000000,0.000000,False,positive_rate_too_high;best_level_does_not_beat_always_observe
D2_cue_group_structured_mid,D,C,0.10,0.140000,0.200000,0.276667,0.076667,0.060000,0.700000,0.196373,-0.266155,0.200000,0.200000,0.200000,level1,0.200000,0.000000,0.700000,0.700000,0.700000,0.023598,0.007138,0.055460,0.000000,False,positive_rate_too_high;sign_correct_not_enough;best_level_does_not_beat_always_observe
D2_cue_group_structured_strong,D,A,0.03,0.170000,0.303333,0.351167,0.047833,0.133333,0.805556,0.225574,-0.260000,0.303333,0.303333,0.303333,level1,0.303333,0.000000,0.805556,0.805556,0.805556,-0.247314,-0.224293,0.000000,0.000000,False,positive_rate_too_high;best_level_does_not_beat_always_observe
D2_cue_group_structured_strong,D,B,0.03,0.156667,0.260000,0.321333,0.061333,0.103333,0.733333,0.224545,-0.230000,0.260000,0.260000,0.260000,level1,0.260000,0.000000,0.733333,0.733333,0.733333,-0.155230,-0.155230,0.000000,0.000000,False,positive_rate_too_high;best_level_does_not_beat_always_observe
D2_cue_group_structured_strong,D,C,0.03,0.183333,0.303333,0.345778,0.042444,0.120000,0.622222,0.262803,-0.124943,0.303333,0.303333,0.303333,level1,0.303333,0.000000,0.622222,0.622222,0.622222,-0.003624,0.033783,-0.181353,0.000000,False,positive_rate_too_high;sign_correct_not_enough;best_level_does_not_beat_always_observe
D2_cue_group_structured_strong,D,A,0.05,0.170000,0.283333,0.335056,0.051722,0.113333,0.805556,0.205574,-0.280000,0.283333,0.283333,0.283333,level1,0.283333,0.000000,0.805556,0.805556,0.805556,-0.247314,-0.224293,0.000000,0.000000,False,positive_rate_too_high;best_level_does_not_beat_always_observe
D2_cue_group_structured_strong,D,B,0.05,0.156667,0.240000,0.306667,0.066667,0.083333,0.733333,0.204545,-0.250000,0.240000,0.240000,0.240000,level1,0.240000,0.000000,0.733333,0.733333,0.733333,-0.155230,-0.155230,0.000000,0.000000,False,positive_rate_too_high;best_level_does_not_beat_always_observe
D2_cue_group_structured_strong,D,C,0.05,0.183333,0.283333,0.333333,0.050000,0.100000,0.622222,0.242803,-0.144943,0.283333,0.283333,0.283333,level1,0.283333,0.000000,0.622222,0.622222,0.622222,-0.003624,0.033783,-0.181353,0.000000,False,positive_rate_too_high;sign_correct_not_enough;best_level_does_not_beat_always_observe
D2_cue_group_structured_strong,D,A,0.07,0.170000,0.263333,0.318944,0.055611,0.093333,0.805556,0.185574,-0.300000,0.263333,0.263333,0.263333,level1,0.263333,0.000000,0.805556,0.805556,0.805556,-0.247314,-0.224293,0.000000,0.000000,False,positive_rate_too_high;best_level_does_not_beat_always_observe
D2_cue_group_structured_strong,D,B,0.07,0.156667,0.220000,0.292000,0.072000,0.063333,0.733333,0.184545,-0.270000,0.220000,0.220000,0.220000,level1,0.220000,0.000000,0.733333,0.733333,0.733333,-0.155230,-0.155230,0.000000,0.000000,False,positive_rate_too_high;best_level_does_not_beat_always_observe
D2_cue_group_structured_strong,D,C,0.07,0.183333,0.263333,0.320889,0.057556,0.080000,0.622222,0.222803,-0.164943,0.263333,0.263333,0.263333,level1,0.263333,0.000000,0.622222,0.622222,0.622222,-0.003624,0.033783,-0.181353,0.000000,False,positive_rate_too_high;sign_correct_not_enough;best_level_does_not_beat_always_observe
D2_cue_group_structured_strong,D,A,0.10,0.170000,0.233333,0.299778,0.066444,0.063333,0.555556,0.249730,-0.177222,0.233333,0.233333,0.233333,level1,0.233333,0.000000,0.555556,0.555556,0.555556,-0.247314,-0.224293,0.000000,0.000000,False,sign_correct_not_enough;best_level_does_not_beat_always_observe
D2_cue_group_structured_strong,D,B,0.10,0.156667,0.190000,0.276667,0.086667,0.033333,0.400000,0.300000,-0.144444,0.190000,0.190000,0.190000,level1,0.190000,0.000000,0.400000,0.400000,0.400000,-0.155230,-0.155230,0.000000,0.000000,False,sign_correct_not_enough;best_level_does_not_beat_always_observe
D2_cue_group_structured_strong,D,C,0.10,0.183333,0.233333,0.302222,0.068889,0.050000,0.622222,0.192803,-0.194943,0.233333,0.233333,0.233333,level1,0.233333,0.000000,0.622222,0.622222,0.622222,-0.003624,0.033783,-0.181353,0.000000,False,positive_rate_too_high;sign_correct_not_enough;best_level_does_not_beat_always_observe
D3_mixed_cue_predictive,D,A,0.03,0.116667,0.240000,0.300000,0.060000,0.123333,0.700000,0.261330,-0.220000,0.240000,0.240000,0.240000,level1,0.240000,0.000000,0.700000,0.700000,0.700000,0.018642,0.018642,0.000000,0.000000,False,positive_rate_too_high;sign_correct_not_enough;best_level_does_not_beat_always_observe
D3_mixed_cue_predictive,D,B,0.03,0.090000,0.166667,0.240667,0.074000,0.076667,0.577778,0.258756,-0.180000,0.166667,0.166667,0.166667,level1,0.166667,0.000000,0.577778,0.577778,0.577778,-0.031629,-0.031629,0.000000,0.000000,False,sign_correct_not_enough;best_level_does_not_beat_always_observe
D3_mixed_cue_predictive,D,C,0.03,0.136667,0.240000,0.299222,0.059222,0.103333,0.600000,0.271357,-0.153884,0.240000,0.240000,0.240000,level1,0.240000,0.000000,0.600000,0.600000,0.600000,0.084683,0.018065,-0.029027,0.000000,False,sign_correct_not_enough;best_level_does_not_beat_always_observe
D3_mixed_cue_predictive,D,A,0.05,0.116667,0.220000,0.286000,0.066000,0.103333,0.700000,0.241330,-0.240000,0.220000,0.220000,0.220000,level1,0.220000,0.000000,0.700000,0.700000,0.700000,0.018642,0.018642,0.000000,0.000000,False,positive_rate_too_high;sign_correct_not_enough;best_level_does_not_beat_always_observe
D3_mixed_cue_predictive,D,B,0.05,0.090000,0.146667,0.229111,0.082444,0.056667,0.577778,0.238756,-0.200000,0.146667,0.146667,0.146667,level1,0.146667,0.000000,0.577778,0.577778,0.577778,-0.031629,-0.031629,0.000000,0.000000,False,sign_correct_not_enough;best_level_does_not_beat_always_observe
D3_mixed_cue_predictive,D,C,0.05,0.136667,0.220000,0.287222,0.067222,0.083333,0.600000,0.251357,-0.173884,0.220000,0.220000,0.220000,level1,0.220000,0.000000,0.600000,0.600000,0.600000,0.084683,0.018065,-0.029027,0.000000,False,sign_correct_not_enough;best_level_does_not_beat_always_observe
D3_mixed_cue_predictive,D,A,0.07,0.116667,0.200000,0.272000,0.072000,0.083333,0.700000,0.221330,-0.260000,0.200000,0.200000,0.200000,level1,0.200000,0.000000,0.700000,0.700000,0.700000,0.018642,0.018642,0.000000,0.000000,False,positive_rate_too_high;sign_correct_not_enough;best_level_does_not_beat_always_observe
D3_mixed_cue_predictive,D,B,0.07,0.090000,0.126667,0.217556,0.090889,0.036667,0.577778,0.218756,-0.220000,0.126667,0.126667,0.126667,level1,0.126667,0.000000,0.577778,0.577778,0.577778,-0.031629,-0.031629,0.000000,0.000000,False,sign_correct_not_enough;best_level_does_not_beat_always_observe
D3_mixed_cue_predictive,D,C,0.07,0.136667,0.200000,0.275222,0.075222,0.063333,0.600000,0.231357,-0.193884,0.200000,0.200000,0.200000,level1,0.200000,0.000000,0.600000,0.600000,0.600000,0.084683,0.018065,-0.029027,0.000000,False,sign_correct_not_enough;best_level_does_not_beat_always_observe
D3_mixed_cue_predictive,D,A,0.10,0.116667,0.170000,0.252667,0.082667,0.053333,0.616667,0.218961,-0.235455,0.155000,0.138333,0.138333,level1,0.155000,-0.015000,0.533333,0.466667,0.466667,0.018642,0.018642,0.000000,0.000000,False,positive_rate_too_high;sign_correct_not_enough;best_level_does_not_beat_always_observe
D3_mixed_cue_predictive,D,B,0.10,0.090000,0.096667,0.200222,0.103556,0.006667,0.577778,0.188756,-0.250000,0.096667,0.096667,0.096667,level1,0.096667,0.000000,0.577778,0.577778,0.577778,-0.031629,-0.031629,0.000000,0.000000,False,sign_correct_not_enough;best_level_does_not_beat_always_observe
D3_mixed_cue_predictive,D,C,0.10,0.136667,0.170000,0.257222,0.087222,0.033333,0.600000,0.201357,-0.223884,0.170000,0.170000,0.170000,level1,0.170000,0.000000,0.600000,0.600000,0.600000,0.084683,0.018065,-0.029027,0.000000,False,sign_correct_not_enough;best_level_does_not_beat_always_observe
D3_mixed_cue_predictive_balanced,D,A,0.03,0.086667,0.213333,0.275556,0.062222,0.126667,0.655556,0.287974,-0.185000,0.213333,0.213333,0.213333,level1,0.213333,0.000000,0.655556,0.655556,0.655556,-0.048291,-0.048291,0.000000,0.000000,False,positive_rate_too_high;sign_correct_not_enough;best_level_does_not_beat_always_observe
D3_mixed_cue_predictive_balanced,D,B,0.03,0.076667,0.180000,0.243778,0.063778,0.103333,0.600000,0.279698,-0.160000,0.180000,0.180000,0.180000,level1,0.180000,0.000000,0.600000,0.600000,0.600000,-0.134615,-0.134615,0.000000,0.000000,False,sign_correct_not_enough;best_level_does_not_beat_always_observe
D3_mixed_cue_predictive_balanced,D,C,0.03,0.133333,0.213333,0.285000,0.071667,0.080000,0.555556,0.275379,-0.168876,0.213333,0.213333,0.213333,level1,0.213333,0.000000,0.555556,0.555556,0.555556,0.054342,0.060826,0.042166,0.000000,False,sign_correct_not_enough;best_level_does_not_beat_always_observe
D3_mixed_cue_predictive_balanced,D,A,0.05,0.086667,0.193333,0.262444,0.069111,0.106667,0.655556,0.267974,-0.205000,0.193333,0.193333,0.193333,level1,0.193333,0.000000,0.655556,0.655556,0.655556,-0.048291,-0.048291,0.000000,0.000000,False,positive_rate_too_high;sign_correct_not_enough;best_level_does_not_beat_always_observe
D3_mixed_cue_predictive_balanced,D,B,0.05,0.076667,0.160000,0.231778,0.071778,0.083333,0.600000,0.259698,-0.180000,0.160000,0.160000,0.160000,level1,0.160000,0.000000,0.600000,0.600000,0.600000,-0.134615,-0.134615,0.000000,0.000000,False,sign_correct_not_enough;best_level_does_not_beat_always_observe
D3_mixed_cue_predictive_balanced,D,C,0.05,0.133333,0.193333,0.273889,0.080556,0.060000,0.555556,0.255379,-0.188876,0.193333,0.193333,0.193333,level1,0.193333,0.000000,0.555556,0.555556,0.555556,0.054342,0.060826,0.042166,0.000000,False,sign_correct_not_enough;best_level_does_not_beat_always_observe
D3_mixed_cue_predictive_balanced,D,A,0.07,0.086667,0.173333,0.249333,0.076000,0.086667,0.655556,0.247974,-0.225000,0.173333,0.173333,0.173333,level1,0.173333,0.000000,0.655556,0.655556,0.655556,-0.048291,-0.048291,0.000000,0.000000,False,positive_rate_too_high;sign_correct_not_enough;best_level_does_not_beat_always_observe
D3_mixed_cue_predictive_balanced,D,B,0.07,0.076667,0.140000,0.219778,0.079778,0.063333,0.600000,0.239698,-0.200000,0.140000,0.140000,0.140000,level1,0.140000,0.000000,0.600000,0.600000,0.600000,-0.134615,-0.134615,0.000000,0.000000,False,sign_correct_not_enough;best_level_does_not_beat_always_observe
D3_mixed_cue_predictive_balanced,D,C,0.07,0.133333,0.173333,0.262778,0.089444,0.040000,0.555556,0.235379,-0.208876,0.173333,0.173333,0.173333,level1,0.173333,0.000000,0.555556,0.555556,0.555556,0.054342,0.060826,0.042166,0.000000,False,sign_correct_not_enough;best_level_does_not_beat_always_observe
D3_mixed_cue_predictive_balanced,D,A,0.10,0.086667,0.143333,0.229667,0.086333,0.056667,0.655556,0.217974,-0.255000,0.143333,0.143333,0.143333,level1,0.143333,0.000000,0.655556,0.655556,0.655556,-0.048291,-0.048291,0.000000,0.000000,False,positive_rate_too_high;sign_correct_not_enough;best_level_does_not_beat_always_observe
D3_mixed_cue_predictive_balanced,D,B,0.10,0.076667,0.110000,0.201778,0.091778,0.033333,0.600000,0.209698,-0.230000,0.110000,0.110000,0.110000,level1,0.110000,0.000000,0.600000,0.600000,0.600000,-0.134615,-0.134615,0.000000,0.000000,False,sign_correct_not_enough;best_level_does_not_beat_always_observe
D3_mixed_cue_predictive_balanced,D,C,0.10,0.133333,0.143333,0.246111,0.102778,0.010000,0.555556,0.205379,-0.238876,0.143333,0.141667,0.143333,level1,0.143333,0.000000,0.555556,0.538889,0.555556,0.054342,0.060826,0.042166,0.000000,False,sign_correct_not_enough;best_level_does_not_beat_always_observe
